Id,Result,Prefab,Model
"E01","Replaced","Assets/CompanyWarRE/Content/Prefabs/Enemies/PF_E01.prefab","Assets/CompanyWarRE/Resources/NewFbx/e01.fbx"
"E02","Skipped: same-name NewFbx model missing","Assets/CompanyWarRE/Resources/CowLegacy/_Game/Art/Prefabs/Enemies/PF_E02.prefab",""
"E03","Skipped: same-name NewFbx model missing","Assets/CompanyWarRE/Resources/CowLegacy/_Game/Art/Prefabs/Enemies/PF_E03.prefab",""
"E04","Skipped: same-name NewFbx model missing","Assets/CompanyWarRE/Resources/CowLegacy/_Game/Art/Prefabs/Enemies/PF_E04.prefab",""
"E05","Skipped: same-name NewFbx model missing","Assets/CompanyWarRE/Resources/CowLegacy/_Game/Art/Prefabs/Enemies/PF_E05.prefab",""
"E06","Replaced","Assets/CompanyWarRE/Content/Prefabs/Units/Buildings/PF_E06.prefab","Assets/CompanyWarRE/Resources/NewFbx/e06.fbx"
"E07","Replaced","Assets/CompanyWarRE/Content/Prefabs/Units/Buildings/PF_E07.prefab","Assets/CompanyWarRE/Resources/NewFbx/e07.fbx"
"E08","Skipped: same-name NewFbx model missing","Assets/CompanyWarRE/Resources/CowLegacy/_Game/Art/Prefabs/Enemies/PF_E08.prefab",""
"E09","Skipped: same-name NewFbx model missing","Assets/CompanyWarRE/Resources/CowLegacy/_Game/Art/Prefabs/Enemies/PF_E09.prefab",""
"E10","Skipped: same-name NewFbx model missing","Assets/CompanyWarRE/Resources/CowLegacy/_Game/Art/Prefabs/Enemies/PF_E10.prefab",""
"E11","Skipped: same-name NewFbx model missing","Assets/CompanyWarRE/Resources/CowLegacy/_Game/Art/Prefabs/Enemies/PF_E11.prefab",""
"E12","Skipped: same-name NewFbx model missing","Assets/CompanyWarRE/Resources/CowLegacy/_Game/Art/Prefabs/Buildings/PF_E12.prefab",""
"E13","Skipped: same-name NewFbx model missing","Assets/CompanyWarRE/Resources/CowLegacy/_Game/Art/Prefabs/Buildings/PF_E13.prefab",""
"E14","Skipped: same-name NewFbx model missing","Assets/CompanyWarRE/Resources/CowLegacy/_Game/Art/Prefabs/Buildings/PF_E14.prefab",""
"E15","Skipped: same-name NewFbx model missing","Assets/CompanyWarRE/Resources/CowLegacy/_Game/Art/Prefabs/Buildings/PF_E15.prefab",""
"U01","Replaced","Assets/CompanyWarRE/Content/Prefabs/Units/PF_U01.prefab","Assets/CompanyWarRE/Resources/NewFbx/u01.fbx"
"U02","Replaced","Assets/CompanyWarRE/Resources/CowLegacy/_Game/Art/Prefabs/Units/PF_U02.prefab","Assets/CompanyWarRE/Resources/NewFbx/u02.fbx"
"U03","Replaced","Assets/CompanyWarRE/Resources/CowLegacy/_Game/Art/Prefabs/Units/PF_U03.prefab","Assets/CompanyWarRE/Resources/NewFbx/u03.fbx"
"U04","Replaced","Assets/CompanyWarRE/Resources/CowLegacy/_Game/Art/Prefabs/Units/PF_U04.prefab","Assets/CompanyWarRE/Resources/NewFbx/u04.fbx"
"U05","Replaced","Assets/CompanyWarRE/Resources/CowLegacy/_Game/Art/Prefabs/Units/PF_U05.prefab","Assets/CompanyWarRE/Resources/NewFbx/u05.fbx"
"U06","Replaced","Assets/CompanyWarRE/Resources/CowLegacy/_Game/Art/Prefabs/Units/PF_U06.prefab","Assets/CompanyWarRE/Resources/NewFbx/u06.fbx"
"U07","Replaced","Assets/CompanyWarRE/Resources/CowLegacy/_Game/Art/Prefabs/Units/PF_U07.prefab","Assets/CompanyWarRE/Resources/NewFbx/u07.fbx"
"U08","Replaced","Assets/CompanyWarRE/Resources/CowLegacy/_Game/Art/Prefabs/Buildings/PF_U08.prefab","Assets/CompanyWarRE/Resources/NewFbx/u08.fbx"
"U09","Replaced","Assets/CompanyWarRE/Resources/CowLegacy/_Game/Art/Prefabs/Buildings/PF_U09.prefab","Assets/CompanyWarRE/Resources/NewFbx/u09.fbx"
"U10","Replaced","Assets/CompanyWarRE/Resources/CowLegacy/_Game/Art/Prefabs/Buildings/PF_U10.prefab","Assets/CompanyWarRE/Resources/NewFbx/u10.fbx"
"U11","Replaced","Assets/CompanyWarRE/Resources/CowLegacy/_Game/Art/Prefabs/Buildings/PF_U11.prefab","Assets/CompanyWarRE/Resources/NewFbx/u11.fbx"
"U12","Replaced","Assets/CompanyWarRE/Resources/CowLegacy/_Game/Art/Prefabs/Units/PF_U12.prefab","Assets/CompanyWarRE/Resources/NewFbx/u12.fbx"
"U13","Skipped: same-name NewFbx model missing","Assets/CompanyWarRE/Resources/CowLegacy/_Game/Art/Prefabs/Units/PF_U13.prefab",""
"U14","Skipped: same-name NewFbx model missing","Assets/CompanyWarRE/Resources/CowLegacy/_Game/Art/Prefabs/Units/PF_U14.prefab",""
"U15","Replaced","Assets/CompanyWarRE/Resources/CowLegacy/_Game/Art/Prefabs/Units/PF_U15.prefab","Assets/CompanyWarRE/Resources/NewFbx/u15.fbx"
"U16","Skipped: same-name NewFbx model missing","Assets/CompanyWarRE/Resources/CowLegacy/_Game/Art/Prefabs/Units/PF_U16.prefab",""
"U17","Skipped: same-name NewFbx model missing","Assets/CompanyWarRE/Resources/CowLegacy/_Game/Art/Prefabs/Units/PF_U17.prefab",""
"U18","Skipped: same-name NewFbx model missing","Assets/CompanyWarRE/Resources/CowLegacy/_Game/Art/Prefabs/Units/PF_U18.prefab",""
"U19","Skipped: same-name NewFbx model missing","Assets/CompanyWarRE/Resources/CowLegacy/_Game/Art/Prefabs/Units/PF_U19.prefab",""
"U20","Skipped: same-name NewFbx model missing","Assets/CompanyWarRE/Resources/CowLegacy/_Game/Art/Prefabs/Units/PF_U20.prefab",""
"U21","Height adjusted; model unchanged because NewFbx is missing","Assets/CompanyWarRE/Resources/CowLegacy/_Game/Art/Prefabs/Buildings/PF_U21.prefab",""
"U22","Skipped: same-name NewFbx model missing","Assets/CompanyWarRE/Resources/CowLegacy/_Game/Art/Prefabs/Units/PF_U22.prefab",""
"U23","Skipped: same-name NewFbx model missing","Assets/CompanyWarRE/Resources/CowLegacy/_Game/Art/Prefabs/Units/PF_U23.prefab",""
"U24","Skipped: same-name NewFbx model missing","Assets/CompanyWarRE/Resources/CowLegacy/_Game/Art/Prefabs/Units/PF_U24.prefab",""
