"BehaviorId","Area","CowEvidence","ObservedBehavior","TargetType","TargetTest","Status"
"GRID-001","Grid","Assets/_Game/Scripts/Logic/Core/Domain/GridMap.cs","Grid coordinates are one-based","BattleGrid;GridPosition","BattleGridBehaviorTests.Grid_IsOneBasedAndUsesThreeByThreeControlBlocks","Provisional"
"GRID-002","Grid","Assets/_Game/Scripts/Logic/Core/Domain/GridMap.cs","ControlBlockSize is 3; edge blocks may be partial","BattleGrid;ControlBlock","BattleGridBehaviorTests.Grid_IsOneBasedAndUsesThreeByThreeControlBlocks","Provisional"
"GRID-003","Pollution","Assets/_Game/Scripts/Logic/Core/Domain/GridMap.cs | Assets/_Game/Tests/Cases/CW_UNIT_0101_GridMap.cs","Runtime applies pollution to the entire block; legacy test conflicts","BattleGrid.SetPollution","BattleGridBehaviorTests.Pollution_AppliesToTheWholeControlBlockAndRecordsOnlyChanges","Conflict-PreserveRuntime"
"GRID-004","Territory","Assets/_Game/Scripts/Logic/Core/Domain/GridMap.cs | Assets/_Game/Scripts/Logic/Core/Domain/BattleEngine.cs","Owned and unpolluted cell controls its block","BattleGrid.HasControlledTerritory","BattleGridBehaviorTests.ControlledTerritory_RequiresAnOwnedUnpollutedCell","Provisional"
"DEPLOY-001","Deployment","Assets/_Game/Scripts/Logic/Core/Domain/DeploymentRules.cs","Standard cell must be owned, unpolluted, and empty","DeploymentService","DeploymentBehaviorTests.StandardDeployment_SpendsResourcesAndOccupiesOwnedCell","Provisional"
"DEPLOY-002","Deployment","Assets/_Game/Scripts/Logic/Core/Domain/DeploymentRules.cs | Assets/_Game/Scripts/Logic/Core/Domain/ResourceEngine.cs","Cost and per-unit cooldown gate deployment","DeploymentService;ResourceEconomy","DeploymentBehaviorTests.StandardDeployment_RejectsPollutionOccupationResourcesAndCooldown","Provisional"
"RES-001","Resources","Assets/_Game/Scripts/Logic/Core/Domain/ResourceEngine.cs | Assets/_Game/Tests/Cases/CW_UNIT_0106_ResourceEngine.cs","Initial values clamp; non-positive gain is ignored","ResourceEconomy","ResourceEconomyBehaviorTests.GainAndSpend_PreserveLegacyBoundaryRules","Provisional"
"RES-002","Resources","Assets/_Game/Scripts/Logic/Core/Domain/ResourceEngine.cs | Assets/_Game/Tests/Cases/CW_UNIT_0106_ResourceEngine.cs","Fixed and transmitter timers produce independently","ResourceEconomy","ResourceEconomyBehaviorTests.Production_PreservesLegacyFixedAndTransmitterCadence","Provisional"
"RES-003","Resources","Assets/_Game/Scripts/Logic/Core/Domain/ResourceEngine.cs","Non-positive spend is a successful no-op","ResourceEconomy.TrySpend","ResourceEconomyBehaviorTests.GainAndSpend_PreserveLegacyBoundaryRules","CompatibilityReview"
"AUTH-001","Authorization","Assets/_Game/Scripts/Logic/Core/Domain/AuthorizationEngine.cs | Assets/_Game/Tests/Cases/CW_Core_02_AuthorizationUnlockTests.cs","Deploy list maximum is 12","AuthorizationProgression","AuthorizationAndOutcomeBehaviorTests.Authorization_InitialDeployListIsCappedAtTwelve","Provisional"
"AUTH-002","Authorization","Assets/_Game/Scripts/Logic/Core/Domain/AuthorizationEngine.cs | Assets/_Game/Tests/Cases/CW_Core_02_AuthorizationUnlockTests.cs","First requirement 7; next same-stage requirement 14","AuthorizationProgression","AuthorizationAndOutcomeBehaviorTests.Authorization_FirstRequirementIsSevenAndNextRequirementIsFourteen","Provisional"
"AUTH-003","Authorization","Assets/_Game/Scripts/Logic/Core/Domain/AuthorizationEngine.cs","Candidate counts are 4/3/2 by stage","AuthorizationProgression","AuthorizationAndOutcomeBehaviorTests.Authorization_FirstRequirementIsSevenAndNextRequirementIsFourteen | Authorization_LaterStagesUseLegacyCandidateCaps","Provisional"
"OUTCOME-001","Battle outcome","Assets/_Game/Scripts/Logic/Core/Domain/BattleEngine.cs","No controlled unpolluted block means defeat","BattleOutcomePolicy","AuthorizationAndOutcomeBehaviorTests.Outcome_NoControlledTerritoryIsDefeat","Provisional"
"OUTCOME-002","Battle outcome","Assets/_Game/Scripts/Logic/Core/Domain/BattleEngine.cs","No valid spawn can mean defeat when building objective is disabled","BattleOutcomePolicy","AuthorizationAndOutcomeBehaviorTests.Outcome_NoValidSpawnIsDefeatWhenBuildingObjectiveIsDisabled","Provisional"
"OUTCOME-003","Battle outcome","Assets/_Game/Scripts/Logic/Core/Domain/BattleEngine.cs","Zero enemy buildings means victory when enabled","BattleOutcomePolicy","AuthorizationAndOutcomeBehaviorTests.Outcome_DestroyingAllEnemyBuildingsIsVictoryWhenConfigured","Provisional"
"OUTCOME-004","Battle outcome","Assets/_Game/Scripts/Logic/Core/Domain/BattleEngine.cs | Assets/_Game/Scripts/Configs/ConfigModels.cs","RequiredAssaultScore exists but does not currently decide victory","BattleOutcomePolicy","AuthorizationAndOutcomeBehaviorTests.Outcome_AssaultScoreDoesNotCurrentlyOverrideEnemyBuildingObjective","Conflict-NeedsProductDecision"
"COMBAT-001","Movement","Assets/_Game/Scripts/Logic/Core/Domain/BattleEngine.cs | Assets/_Game/Tests/Cases/CW_UNIT_0109_ControlBlockEncounter.cs","Allies advance forward; enemies advance backward; melee stops at contact and resumes after its opponent dies","CombatSimulation","CombatSimulationBehaviorTests.U01AndE01_ApproachInTheSameColumnWithoutAttackingEarly | SurvivingMeleeUnit_ResumesForwardMovementAfterOpponentDies","Implemented-MinimalSlice"
"COMBAT-002","Targeting","Assets/_Game/Scripts/Logic/Core/Domain/BattleEngine.cs | Assets/_Game/Tests/Cases/CW_Core_04_CombatRotationAndDeathTests.cs","A forward opponent in the same column can be attacked; a side opponent is not attacked","CombatSimulation","CombatSimulationBehaviorTests.DifferentColumns_DoNotMoveTowardOrAttackEachOther","Implemented-MinimalSlice"
"COMBAT-003","Attack cadence","Assets/_Game/Scripts/Logic/Core/Domain/BattleEngine.cs","Attack progress resets without a target; completed intervals accumulate and a large tick may attack multiple times","CombatSimulation","CombatSimulationBehaviorTests.LargeTick_AccumulatesEveryCompletedAttackInterval","Implemented"
"COMBAT-004","Damage and death","Assets/_Game/Scripts/Logic/Core/Domain/BattleEngine.cs | Assets/_Game/Tests/Cases/CW_Core_04_CombatRotationAndDeathTests.cs","Pending attacks resolve together; U01 and E01 can kill each other simultaneously; death is emitted once","CombatSimulation","CombatSimulationBehaviorTests.U01AndE01_ExchangeDamageSimultaneouslyAndDie | Death_IsReportedOnceAndDeadActorsNeverAttackAgain","Implemented"
"COMBAT-005","Control-block melee","Assets/_Game/Scripts/Logic/Core/Domain/BattleEngine.cs | Assets/_Game/Tests/Cases/CW_UNIT_0109_ControlBlockEncounter.cs","Legacy melee reserves battle rows and supports adjacent-block and multi-actor engagement","future combat encounter policy","Not yet implemented","Deferred-Explicit"
"COMBAT-006","Territory breach","Assets/_Game/Scripts/Logic/Core/Domain/BattleEngine.cs","Enemy breach can pollute a controlled block and remove ownership","future battle-territory integration","Not yet implemented","Deferred-Explicit"
