"Path","Bytes","SHA256"
"Assets/_Game/Art/Fonts/Default SDF.asset","2127684","70f2c5e66e759f7240c14da7f1b7b5db52ccbd0dc16ab394e687cef442fd89d5"
"Assets/_Game/Art/Fonts/Default SDF.asset.meta","197","2fe765f17dd88ad185bf0a8d339e441762608f6b7b65fbedf3c823f418e1dcdd"
"Assets/_Game/Art/Fonts/Default.ttf","1365108","096544754b0957f19c2b58041448a9f4215156de7e14c2a9d03a37f40f45fc98"
"Assets/_Game/Art/Fonts/Default.ttf.meta","512","ab1e715535dfa461d121f7de280f5a35d44e77d6b712eb6153dbc13d8b3327bd"
"Assets/_Game/Art/Materials/Mat_E01.mat","2273","313eb1cfd3a4b96e1d52c0874ce5f8a596504ca0d76ce640a850dd4985bb28e8"
"Assets/_Game/Art/Materials/Mat_E01.mat.meta","196","2d739e79a86d19b4a083d5d58e3589f896ed06c74ed75b72a715a207840010eb"
"Assets/_Game/Art/Materials/Mat_E02.mat","2273","ebf288c6fae697b65c753d694725ddfe7a4f14964e597ef1e583a1b13b5e2670"
"Assets/_Game/Art/Materials/Mat_E02.mat.meta","196","ea99ba8742aa436da04ee4e1b15e146cca47c8b901092de7334292d7dea68050"
"Assets/_Game/Art/Materials/Mat_E03.mat","2270","20f3f0aafe9f6699989e8a69550cd4762ec4911a076fcfc72c8e48356ba52f74"
"Assets/_Game/Art/Materials/Mat_E03.mat.meta","196","d2d77077880305295b53091733bd3ba8db12954726e92feb18949daf3e6f296c"
"Assets/_Game/Art/Materials/Mat_E04.mat","2270","252e6e8afe24ef1fa542bbc5749ddb61d8cb306e6143e5fba10d9e7974383406"
"Assets/_Game/Art/Materials/Mat_E04.mat.meta","196","72ad30e735d79ec488c7054c4040590378cd7a4b0ec9612a66f05d33753f785a"
"Assets/_Game/Art/Materials/Mat_E05.mat","2270","4ab53f910b4eb69128312db0ca890baef64df81d59ed163c82fc8a7f841f5ace"
"Assets/_Game/Art/Materials/Mat_E05.mat.meta","196","edab8479ff5a122d1f2a7974e656d11529bf1339ee1da8b66b8290b7a12b1ecf"
"Assets/_Game/Art/Materials/Mat_E06.mat","2270","9a315c04911f90a2f0b4ab7d7f8dce09e8a1e851c674bcb83083e3e5be469ee2"
"Assets/_Game/Art/Materials/Mat_E06.mat.meta","196","e48574628f347e0b53806fb335d33006d54debc74f548325df3564e2b31e035e"
"Assets/_Game/Art/Materials/Mat_E07.mat","2270","8b77a2bc9ddcab394d1035115bead8cb67b023225accc0d83b18d604b0174615"
"Assets/_Game/Art/Materials/Mat_E07.mat.meta","196","4a22897a90aabba8051f8dc9c386082eb24752334c7a301e43d52be90cb7b552"
"Assets/_Game/Art/Materials/Mat_E08.mat","2190","5d01399a8a1fe794371be9472eef57259fedcb313e57cee18b772cf17b1ff599"
"Assets/_Game/Art/Materials/Mat_E08.mat.meta","188","b82245b4010f953c00ace870ce1d21388dcb9864c9afad505e01a46a90f2f3c6"
"Assets/_Game/Art/Materials/Mat_E09.mat","2190","2b8a64b3a0e9e1aab148f2ab6ceb028e322807073c87ec4d98101444baa03c70"
"Assets/_Game/Art/Materials/Mat_E09.mat.meta","188","3a71285b6798d926c0b0b16e351518eb97fd264edc695fcfba573d1448ca4780"
"Assets/_Game/Art/Materials/Mat_E10.mat","2190","344db7b9c33dd2a21b3a87dac3f0177093a5aa0bce23e706846b9dd86303ee8f"
"Assets/_Game/Art/Materials/Mat_E10.mat.meta","188","1a233e667f496d034a6265eb24655932d4de9c9b608e470886930ff7d5b5fc54"
"Assets/_Game/Art/Materials/Mat_E11.mat","2190","b970b8665078a748da49c7f98200424bb08d9d5fc2989484d27dbde7bca0fb1c"
"Assets/_Game/Art/Materials/Mat_E11.mat.meta","188","40bee32dbabcb6385235a78d96ee6ea70ef07d47c7b62c6e0452b0879507b86e"
"Assets/_Game/Art/Materials/Mat_E12.mat","2190","df2517e7c911b23e7e2821057cfd7661bbd779a57f46d5356aa81ee9e3cce53e"
"Assets/_Game/Art/Materials/Mat_E12.mat.meta","188","1f19964f6032fb65cb03e843d4d0e7b6810be0198bb6528458d2dc17bc8af889"
"Assets/_Game/Art/Materials/Mat_E13.mat","2190","ff3e9cc42208fe02045beaaaba305db6274f174a5863d3f9cb92fbb289db13e8"
"Assets/_Game/Art/Materials/Mat_E13.mat.meta","188","23dec1890223637f1aadb7c98328504380dd86432cfeaafdfdc09685b93ab708"
"Assets/_Game/Art/Materials/Mat_E14.mat","2190","0d7c338e91472e82c566a2e9c870b13b287109788d2dd7ef240290e700a9ac69"
"Assets/_Game/Art/Materials/Mat_E14.mat.meta","188","da43ca3139731b79fc33436ed1f48820f9e17074d268ebbd21791e94ce6e81b4"
"Assets/_Game/Art/Materials/Mat_E15.mat","2190","bf3544f4df8953e283710539b4c30e83269cf4175fdf67a2f93f03a53e0d9398"
"Assets/_Game/Art/Materials/Mat_E15.mat.meta","188","e9f009e99e643b7a30388e71b7a2bd8070200b29f457c740593c41324ddaa68e"
"Assets/_Game/Art/Materials/Mat_U01.mat","2270","f0ac883518ebdfaa3a36b9680f369b1c0cd4cead02a31b546b36b294cdac0087"
"Assets/_Game/Art/Materials/Mat_U01.mat.meta","196","a25ac09e6f63bca9d9656ba0b16f986046542c6bee304c6d7fa2c4a625235ce8"
"Assets/_Game/Art/Materials/Mat_U02.mat","2270","282883593d6d46b9462a28730944da5ab40b312290a961936b77022723269b98"
"Assets/_Game/Art/Materials/Mat_U02.mat.meta","196","3fcc196b672688eb3d8f6c51993f9f9a60ea7ed7377ca71016c5153547fa734c"
"Assets/_Game/Art/Materials/Mat_U03.mat","2270","b8e59430fd40f6e91ec99acd0ab26a469f5183c68e59e70400f49f916bd806db"
"Assets/_Game/Art/Materials/Mat_U03.mat.meta","196","44dadae4e76e50625d1b74c6e450f3737cf5fbdf7967e2fe833197e96d051c6d"
"Assets/_Game/Art/Materials/Mat_U04.mat","2270","95f07e4f660fe5bb1e2e78cc4fe650f2723b9e13483c72b686a6fe5d1e7a7c54"
"Assets/_Game/Art/Materials/Mat_U04.mat.meta","196","7129d9da5aa7fbe70c9c0953b8f034eb624ece6c1deddaa6b3e50cb7931afaf3"
"Assets/_Game/Art/Materials/Mat_U05.mat","2270","e9aea11f040e1f29097b0504cc291fa32fb31728574daf72eedc46c86b3462ab"
"Assets/_Game/Art/Materials/Mat_U05.mat.meta","196","8f648ec888fb30e16ea69005736d779b1d8629446c5df0159e489e5b83ef7b22"
"Assets/_Game/Art/Materials/Mat_U06.mat","2270","fc4117d776e9de3e1853f805399102c19d4ec5e4bb7dc4b6ffdaf6694e63911a"
"Assets/_Game/Art/Materials/Mat_U06.mat.meta","196","4633e02b9b660b52596505b3400fc23af5ca746f688ec0dc638f845e73e05c0e"
"Assets/_Game/Art/Materials/Mat_U07.mat","2270","debb453d1fe4c3e4af599f5dbec33bff9a1d612b10128c8900ac536c4e4bb0c7"
"Assets/_Game/Art/Materials/Mat_U07.mat.meta","196","4efa01f10ae6fb11c5d268751bc6491ff5f37e12f454583e83587b15ff47fb8f"
"Assets/_Game/Art/Materials/Mat_U08.mat","2270","67c4f91e648c02530369e62c21dd3fa0165e7851da3af36b3e4a7913366b37a6"
"Assets/_Game/Art/Materials/Mat_U08.mat.meta","196","54e6998d1d8e71eb124b6bd65ff9e10aa89368467a1e74e07b0b8b8cd81f9858"
"Assets/_Game/Art/Materials/Mat_U09.mat","2270","9ff0f067b12f15e3d01d6f3388c9433bd219792204caaf44f2e124a85809145a"
"Assets/_Game/Art/Materials/Mat_U09.mat.meta","196","4e31b4dcaf5221a5dfa6655b8c6e54574e9b338cbc2050b5e9465f5f38bea973"
"Assets/_Game/Art/Materials/Mat_U10.mat","2272","c3c7db28ca86a5aea844152049fef36dc7c85e82a0a2a5127e7d21c073053347"
"Assets/_Game/Art/Materials/Mat_U10.mat.meta","196","4d17f38a9245ebd11ac23885d87459541cf3b2d4ad056e6f19d82b2e9549baf9"
"Assets/_Game/Art/Materials/Mat_U11.mat","2272","31e2e3ffc62b91e40be7b7746dcf62324e50d5b04344beed084e879dedaad5d4"
"Assets/_Game/Art/Materials/Mat_U11.mat.meta","196","902c1c1f13b355940e9e7dd9e186fa338a39b69b9f88dba4410f93b0a7db0f92"
"Assets/_Game/Art/Materials/Mat_U12.mat","2270","0f4cdae42d745258cfc0518e30effe4a64d2b7cb7e1cc30742fcc3590f3d1d0e"
"Assets/_Game/Art/Materials/Mat_U12.mat.meta","196","8eb6f1492dc419658b89bc71aab8e5615f320c515bb6290a89a01e91cd4a08c3"
"Assets/_Game/Art/Materials/Mat_U13.mat","2181","65dbd30c6e36697155503a69595ef4a4d2e35d6edf3e46591e2edfcbeb866bf5"
"Assets/_Game/Art/Materials/Mat_U13.mat.meta","188","789429ecbe660e73e9d20360bc32550b568d7056d611e0f26c02a6894eea4dc1"
"Assets/_Game/Art/Materials/Mat_U15.mat","2181","82496b8ec2e47888ccd954b5a9467045b75e3c953f047a967688dba8ee7af981"
"Assets/_Game/Art/Materials/Mat_U15.mat.meta","188","f681177d5a44243cadcf21dda4d5cba747723aad318594f9744d0de3e206a1d2"
"Assets/_Game/Art/Materials/Mat_U16.mat","2181","6b254198e06e748bff8fa83176ea453707efcab36cb0213bd456fec089b6e7e7"
"Assets/_Game/Art/Materials/Mat_U16.mat.meta","188","63e11d7da1d0249517e038196fdd43ff9cdd00dde14b181f82684ec783973f82"
"Assets/_Game/Art/Materials/Mat_U17.mat","2181","ff729b8450c31548b157ccb74ea6c51a5b62fb127ef07ffd95cb782163cf2d06"
"Assets/_Game/Art/Materials/Mat_U17.mat.meta","188","1ceb2f975b888db82408d2f2dc9f94ad23995ffec2910dbbe07dec72abe31da6"
"Assets/_Game/Art/Materials/Mat_U18.mat","2181","1b20172e65c3d439a730de013683dd8df7e71cf56b8021f2a36a6648e1154808"
"Assets/_Game/Art/Materials/Mat_U18.mat.meta","188","5b15f06ac4c1aab8997814631e44ac5bb9c4b4f2811eed4a4c537bebe7fa1c46"
"Assets/_Game/Art/Materials/Mat_U19.mat","2181","227eea49cfc1d883b5c80a0ccb8ff31a460f9345e9dcba6deb6304d7acedc90e"
"Assets/_Game/Art/Materials/Mat_U19.mat.meta","188","ce9d6b912ac48c380cfdc912987a65c9db7455a5b8fc21a9a6aa631ca048f73f"
"Assets/_Game/Art/Materials/Mat_U20.mat","2181","3077dfacdb169a426fcf5a1f7d9ac3bf5ba24397fb1b8eda91bb1aaea31a5a31"
"Assets/_Game/Art/Materials/Mat_U20.mat.meta","188","b9e3fd4fe61872b73cee8465792274df968404628d71b080f41485e1124f9fce"
"Assets/_Game/Art/Materials/Mat_U21.mat","2181","e353c3cb014a708b6a8e4d3bcd59d398a4fe1cdd6a6a51545d8b26df0456327a"
"Assets/_Game/Art/Materials/Mat_U21.mat.meta","188","f402de2a41335d1a694e022993501dc44f2db5a3528f849fdd45d90e01188976"
"Assets/_Game/Art/Materials/Mat_U22.mat","2181","72db80c950dec438044dcb07e71654eb85615517ff4a93b72d2fe58b928c9915"
"Assets/_Game/Art/Materials/Mat_U22.mat.meta","188","441ffff67fdc5000608f1cc1cef8c3a6a5abc5f5716f5be8e843291b894949df"
"Assets/_Game/Art/Materials/Mat_U23.mat","2181","f0de7b0c071f0953fe0b09ce8682bce4d9ed9bf0c7b1e8e5672e8a5a1172caf6"
"Assets/_Game/Art/Materials/Mat_U23.mat.meta","188","2f118f94922375e860c6168372fc4da1a2fdcfc87feea95c2e4fa20faa6a87c4"
"Assets/_Game/Art/Materials/Mat_U24.mat","2181","9d5da7ace94887309b26198bd9698b952ee119566566cb56c564f2fabe328923"
"Assets/_Game/Art/Materials/Mat_U24.mat.meta","188","75df9f5a4d878d94e3324e78bc9bc18b7c802a120de2a47020bc47e321622bbe"
"Assets/_Game/Art/Prefabs/Buildings/PF_E06.prefab","3104","15e22caa920b1567b5287ac4003d6795202f54908168f70028283b69d8d139cb"
"Assets/_Game/Art/Prefabs/Buildings/PF_E06.prefab.meta","154","71c714538d42e5ac10038e8eb0c452b87fdef6948547b5c92fb8c9fe28ea9d60"
"Assets/_Game/Art/Prefabs/Buildings/PF_E07.prefab","3104","871e3c65709237c520e686abd8e64473475ae8f0cab860040464a639134de66f"
"Assets/_Game/Art/Prefabs/Buildings/PF_E07.prefab.meta","154","dbcbce99d6c43e5a5f4a5939ada1b09438c85719a15fafc45b6cd08f175cc054"
"Assets/_Game/Art/Prefabs/Buildings/PF_E12.prefab","3098","24b6f930db3008a3548202cc51255d17f673b41387829d98d41fe246558102e8"
"Assets/_Game/Art/Prefabs/Buildings/PF_E12.prefab.meta","154","ae2aa32067d1511ed4f6055d87dd59256a092fd4d00453e70f4084651a4e3410"
"Assets/_Game/Art/Prefabs/Buildings/PF_E13.prefab","3100","3eff0289ea1b3c6ab6ee05d6c39b0dd1326e2a41b858d4983c0c3287ce0320c4"
"Assets/_Game/Art/Prefabs/Buildings/PF_E13.prefab.meta","154","6de9626476ee6717d0e2ed8dd67935914dd20418c9b444aaf35ee7ecd3e5b575"
"Assets/_Game/Art/Prefabs/Buildings/PF_E14.prefab","3098","6e2eecad960039d0d6355396ccd94edd894ded7af80fe425df5aac5c34074c8d"
"Assets/_Game/Art/Prefabs/Buildings/PF_E14.prefab.meta","154","e87844c3549d3b0de68f3b5447840c20569473c1f18fd28bf30e328f0836b19f"
"Assets/_Game/Art/Prefabs/Buildings/PF_E15.prefab","3097","faabe335d3560feefb1d5ff84fc125c9c85ed0bde861b88a4fde27afc9cc64d2"
"Assets/_Game/Art/Prefabs/Buildings/PF_E15.prefab.meta","154","29c4e6ffafee77eb6e20a36e8eee42905c19fcaaf815651ead8332bf2eda6bd4"
"Assets/_Game/Art/Prefabs/Buildings/PF_U08.prefab","5102","74f0828808da8956b1bd69ff2cb23d13634b13560e2f83e1f4379a3976e1beff"
"Assets/_Game/Art/Prefabs/Buildings/PF_U08.prefab.meta","154","18e35f2cd300b26ee19ae4bcb7e73134b98c72da7deeb07cd367b628ef5b8395"
"Assets/_Game/Art/Prefabs/Buildings/PF_U09.prefab","5104","7aa1a5052a4444ad445014ee833839c269204358e1de4637f02e6f96021a9339"
"Assets/_Game/Art/Prefabs/Buildings/PF_U09.prefab.meta","154","e6242b45742771d97238577882cf63011951ceb3b21fa27f552411d47c787401"
"Assets/_Game/Art/Prefabs/Buildings/PF_U10.prefab","5656","f345c124eff187e964bd832a78724eba815fc9303780f5414546ec992f352992"
"Assets/_Game/Art/Prefabs/Buildings/PF_U10.prefab.meta","154","db37f0f08accbf9b85fb633c058dd77352c1e8edc01ca68f27639c226bce07e1"
"Assets/_Game/Art/Prefabs/Buildings/PF_U11.prefab","5658","d64a8922dabdbf5f5ce305a3041bbd3cdd0811166e8c37862dee409b3da47cca"
"Assets/_Game/Art/Prefabs/Buildings/PF_U11.prefab.meta","154","c9407767a61ad4376219ae2a38cb51fa1942683eaf24fb527ace597acabe4b08"
"Assets/_Game/Art/Prefabs/Buildings/PF_U21.prefab","5102","935450296180732b1fba4bea37672082cfc4bef0012d97f4a8a0343d19c828a5"
"Assets/_Game/Art/Prefabs/Buildings/PF_U21.prefab.meta","154","96e5eec2c62949ba18c7eacbb6a055ce7a141d411d09a17bd00633aa383adb1a"
"Assets/_Game/Art/Prefabs/Enemies/PF_E01.prefab","7117","f49c5e157b5ca19fd371a9a9942c11adb23afada8bcc1f73b7d2d0363fbbb594"
"Assets/_Game/Art/Prefabs/Enemies/PF_E01.prefab.meta","154","050aef9c566ded9cb79543d36e3209aba297f88698038e921c9fbc40bc31388d"
"Assets/_Game/Art/Prefabs/Enemies/PF_E02.prefab","14339","9cd113aca612cf549d120525bb31b0a6cb9581f647c43dbea74389a3ecd0be2d"
"Assets/_Game/Art/Prefabs/Enemies/PF_E02.prefab.meta","154","e81435ae654653889cfb91643ed566888400e9cf3ca5659023ce1ce871c625aa"
"Assets/_Game/Art/Prefabs/Enemies/PF_E03.prefab","3096","8445ad38d26ede0ccadd58ad264d3fe2fe7a9e5c2420b25d1fd67d080ecbe33d"
"Assets/_Game/Art/Prefabs/Enemies/PF_E03.prefab.meta","154","9b89c6c9b94ecbb029340145b610a8a885fe88dddfcf4d992edea3daae673462"
"Assets/_Game/Art/Prefabs/Enemies/PF_E04.prefab","3104","fdad59d77dfc939376d4b4f69b853baca3e5bb9ee07afd6073b2fec7e44a5ee7"
"Assets/_Game/Art/Prefabs/Enemies/PF_E04.prefab.meta","154","68477c13d8724480b97e49f0db61a0959ff6422a4efb3af873b95cd58c40b3d7"
"Assets/_Game/Art/Prefabs/Enemies/PF_E05.prefab","3099","f289718c7bf2bbfc3905991e148b8bbdb0da8c8f1c997401e114db73a6a64dd4"
"Assets/_Game/Art/Prefabs/Enemies/PF_E05.prefab.meta","154","149f06e5efcafe90d5d86c1468cfdab68e59c0f9a2cb8ff75e1fed7f340375bf"
"Assets/_Game/Art/Prefabs/Enemies/PF_E08.prefab","10148","d66ae4e2a7293bd6514220ae1d87ea478c98d09247fc706bcf0f8817aa32aada"
"Assets/_Game/Art/Prefabs/Enemies/PF_E08.prefab.meta","154","72c541d4a8d086778fe1d6b5bc2bf4b5ce535b7dc3f348d44b680c9b71843647"
"Assets/_Game/Art/Prefabs/Enemies/PF_E09.prefab","10130","570f210880d7a9cfa4b04c2aaf2f73f3602a862abae9290a2c09214dbf138bd1"
"Assets/_Game/Art/Prefabs/Enemies/PF_E09.prefab.meta","154","a2bb3cb522d76fe90719dd6024be015f033786536b37a0bf93aa71cbb5a5f35d"
"Assets/_Game/Art/Prefabs/Enemies/PF_E10.prefab","3101","bb72350681b78d6c97ca6d996f21cf1e8789ad9edd21477f1a236f1c83cb16f0"
"Assets/_Game/Art/Prefabs/Enemies/PF_E10.prefab.meta","154","bdbe5bb9dac7a83da17bcdc5f4ca19fca4a08d2ae303c557d5b85ecb5e6c41b6"
"Assets/_Game/Art/Prefabs/Enemies/PF_E11.prefab","3101","5c530a8cb0e94272139cbcbdeae8059d071d284d68f747dd1d6c8b649c6c03f4"
"Assets/_Game/Art/Prefabs/Enemies/PF_E11.prefab.meta","154","12c6b3f58f8e8f797c77626891658293485a6d037d08b50f2231a2b8b1b9bcb2"
"Assets/_Game/Art/Prefabs/Models/MD_E01.prefab","3909","f1863d304d2427c95395baffc6574ed894bb27231bd208a7634d922113db9439"
"Assets/_Game/Art/Prefabs/Models/MD_E01.prefab.meta","154","58a91f6fefaa34b9be9fccabb8a55703a3f4c3ddb94580e98bde65368d6caa30"
"Assets/_Game/Art/Prefabs/Models/MD_E02.prefab","3904","d987b7556c29d7eb6ee26ceeefe4d292c6c8aaa76e481d732cb26f167c17a047"
"Assets/_Game/Art/Prefabs/Models/MD_E02.prefab.meta","154","26f309b6de4247a3b9aa92133a625ffa7b56b7bcf0fb23bc8ab2c55f1da76fd3"
"Assets/_Game/Art/Prefabs/Models/MD_E03.prefab","3904","ad5cf40d1b6a9673a0aca0bd9093a94a947bfc5b6c5d13984eda756ea0e667bc"
"Assets/_Game/Art/Prefabs/Models/MD_E03.prefab.meta","154","f4c7a93a079e0b809b15240a62a0b8ce4f7232b112e7bc3646b1d5b2081308c7"
"Assets/_Game/Art/Prefabs/Models/MD_E04.prefab","3904","67b3815072884b1da44eeb84aab8c534869a2cf9b917aec75c95c680d7d99bca"
"Assets/_Game/Art/Prefabs/Models/MD_E04.prefab.meta","154","dffd93d20785dac3c139163261547bce85154e7b120c47d8f480b0f73a722b56"
"Assets/_Game/Art/Prefabs/Models/MD_E05.prefab","3904","6719ba46566a56a5b1940a02cf30b3d35007965829e90a8dcc50b28015589785"
"Assets/_Game/Art/Prefabs/Models/MD_E05.prefab.meta","154","d7ed982056e8a2de8a28d2aa62814ca8342494e7c21b1d22cf885d78358db77d"
"Assets/_Game/Art/Prefabs/Models/MD_E06.prefab","3895","2feb2110fb83eef4386631ca560f8a00660ffa4096a166b647c8203adcb81c6b"
"Assets/_Game/Art/Prefabs/Models/MD_E06.prefab.meta","154","2aedcbe2640f444562e2fcb733315e4edd1f748bd1949264b3e3950345262210"
"Assets/_Game/Art/Prefabs/Models/MD_E07.prefab","3904","b140aedea643627861562632d71367126b73f834a037fa612e72c9c05dddbe41"
"Assets/_Game/Art/Prefabs/Models/MD_E07.prefab.meta","154","0b15528b3a8f525e8c1a107500e74a1cb830883c4955b9e40014141e59b1132a"
"Assets/_Game/Art/Prefabs/Models/MD_U01.prefab","3901","36c32f67d5b1a38a3d4e0d6f4a229d8c54c854a121ad43e068a87f04bf09a9be"
"Assets/_Game/Art/Prefabs/Models/MD_U01.prefab.meta","154","b21ab5b6433ea2d0c2ff67f6e50b7c0a186ba66c37b76e39a348fa781e34539d"
"Assets/_Game/Art/Prefabs/Models/MD_U02.prefab","6914","f64f1abe8564248fd9ba86dc484c3f4ceac67060f16a0614e3e91c749d1b4d11"
"Assets/_Game/Art/Prefabs/Models/MD_U02.prefab.meta","154","f3b7c6bc33d10ad285bdd5c16251b60bd8159127d4fe45631fdb79e223756f07"
"Assets/_Game/Art/Prefabs/Models/MD_U03.prefab","9921","1a4df07bbf2eb457dda5880db320036eaf6c52f501302b19c15d2fbfd0720a0f"
"Assets/_Game/Art/Prefabs/Models/MD_U03.prefab.meta","154","d52d3e61d66ed1b833861dfb1bdf341887073bd116bbbbf32d3cc849f5f69867"
"Assets/_Game/Art/Prefabs/Models/MD_U04.prefab","3909","0fac5fe0ffa99abc9aead112417348fb620efe641efa58109ac02e36fe6c464f"
"Assets/_Game/Art/Prefabs/Models/MD_U04.prefab.meta","154","8cd6c0ddee608dbbf76dd8c7149a9ec98b27a42d8c010d600fe3bc00d4f5b101"
"Assets/_Game/Art/Prefabs/Models/MD_U05.prefab","6918","96c34db7c518f7e922f6e852c60c5b7f569eebb65a56aa85251441e1bcd299af"
"Assets/_Game/Art/Prefabs/Models/MD_U05.prefab.meta","154","6266fccadbfd47a0d1fb97e41a0d06bb2c80fafc74ded5b9679c99efcfb6ace6"
"Assets/_Game/Art/Prefabs/Models/MD_U06.prefab","3900","2648c9d46f4d0dee981f5734962897478fc15897498910e5b94eb08c67248124"
"Assets/_Game/Art/Prefabs/Models/MD_U06.prefab.meta","154","27d961f7c2adb1772de9914c35fc3a05e9a6542cb755eb443519cdcb51a913fc"
"Assets/_Game/Art/Prefabs/Models/MD_U07.prefab","3902","2244361b921b1933d4d91d79535f20cac28b1f3a565971305a8e16dee509fd3c"
"Assets/_Game/Art/Prefabs/Models/MD_U07.prefab.meta","154","559742f08a4ee06e0c782ed45acc7d809de6317dd0a27c52e00fc8a4ffb8e5c1"
"Assets/_Game/Art/Prefabs/Models/MD_U08.prefab","3899","b652486631a9b84dc163ff9c5e8abc00de2104c5a6ca694ca1a27d8b82c5072e"
"Assets/_Game/Art/Prefabs/Models/MD_U08.prefab.meta","154","81c93719883ae53fecfdb7423183097e49d073bf4bfcf001ce3833b2a14eb39e"
"Assets/_Game/Art/Prefabs/Models/MD_U09.prefab","3902","dd01a5c3c9e7844593ce1c613ef3447b48e34f0cb4f09c5d531101c296284d7f"
"Assets/_Game/Art/Prefabs/Models/MD_U09.prefab.meta","154","8aa2538880ea4c1187038bb7c8eef445facd833f760888c9a23cb188e1a06ee1"
"Assets/_Game/Art/Prefabs/Models/MD_U10.prefab","3901","efc0986f60778b70e1566cc70f78eaebdec8c141a193eeae01b3bdf0e5c3fbec"
"Assets/_Game/Art/Prefabs/Models/MD_U10.prefab.meta","154","c67e84359ca35498b1fa10d822c41050800fba20d476acf69c71e8aebdd585c0"
"Assets/_Game/Art/Prefabs/Models/MD_U11.prefab","3905","83011aaf6d407c1b8e81f699fc3d92e5fc3573fd3d3b069317f944c399fcc2e0"
"Assets/_Game/Art/Prefabs/Models/MD_U11.prefab.meta","154","cb116793b1d8e96e08440be255d6b78284818aec7fd3bfda843b8ef6131b2632"
"Assets/_Game/Art/Prefabs/Models/MD_U12.prefab","3902","68ba32dabd6cb367dee0eb27fab1d36c37d12037f95e5887157323751f0ca21f"
"Assets/_Game/Art/Prefabs/Models/MD_U12.prefab.meta","154","c6c3ee1464fdd2e76846569e1e8e2bc1e46ad6c54d848623f3c56f39ee8f5849"
"Assets/_Game/Art/Prefabs/Units/PF_U01.prefab","5098","2b70b069ae976876f596658f8d6be30184946cc2f2b400bdddb4853ad7937c62"
"Assets/_Game/Art/Prefabs/Units/PF_U01.prefab.meta","154","ff9a80726490dca474102428dde5b46af5d97b7c29e1caca0da18a5dfedd8654"
"Assets/_Game/Art/Prefabs/Units/PF_U02.prefab","5095","52b7bdb4393f99e4a5c2983ddc182cfc49f9eb6401922ce498fe763f52311e85"
"Assets/_Game/Art/Prefabs/Units/PF_U02.prefab.meta","154","55431627c184cf20f5270a82fa9d217b15ab476cab75172fec18256ba2022182"
"Assets/_Game/Art/Prefabs/Units/PF_U03.prefab","5104","61865c43a93c05463df61c8a31d0946967e1f5ce7828e5f13f98271a8af9150b"
"Assets/_Game/Art/Prefabs/Units/PF_U03.prefab.meta","154","6f5dea3d55e80a4edbcd0fc47f3c347a3b0147b3d3dc4ebb9d1358c995481bd2"
"Assets/_Game/Art/Prefabs/Units/PF_U04.prefab","6041","248ab711faa29fad97c492fc19d3c21bc87d077459d307574a283a17077ad57b"
"Assets/_Game/Art/Prefabs/Units/PF_U04.prefab.meta","154","46615341ce4ec1023eee065c7cb8a848f5afde888f1d6ca4d77de68be5850421"
"Assets/_Game/Art/Prefabs/Units/PF_U05.prefab","5104","e9c45f60f3c3c6186d6b7a3551c70357c51467705f58631ce92e5994045cb8cb"
"Assets/_Game/Art/Prefabs/Units/PF_U05.prefab.meta","154","5d0ba509f57aca8f945bc2c225314209f25ae54c639d13dd6e62f181f079555e"
"Assets/_Game/Art/Prefabs/Units/PF_U06.prefab","5095","6be6fe48e3deeb0ab351834d058eef714fcdc2fd214f1b30f3746c46ade01cad"
"Assets/_Game/Art/Prefabs/Units/PF_U06.prefab.meta","154","d92b058289cb14c9a16afadc97a977940f04fb988a42ddb7a280afaabc07cf07"
"Assets/_Game/Art/Prefabs/Units/PF_U07.prefab","5101","71051a15d6013d884baca3960885ed268976961fb3d281866ad997534f972952"
"Assets/_Game/Art/Prefabs/Units/PF_U07.prefab.meta","154","42cf2f289b57791384e3cdcf6060b6c31445695120c68783ae45052e27c49dbb"
"Assets/_Game/Art/Prefabs/Units/PF_U12.prefab","6052","e740b052ac07c71578eeee359f22f059254ba5c853c209dbf2c6f033c6f6aeac"
"Assets/_Game/Art/Prefabs/Units/PF_U12.prefab.meta","154","cb07aabeb5ea8039d2be21905ac2de94ac0efec826c8bb2ce6ac146a41e96f28"
"Assets/_Game/Art/Prefabs/Units/PF_U13.prefab","5102","a414d1dccbb18507e97a91789ff344c843d73a59967ece5cf16bcf15de4b8b5e"
"Assets/_Game/Art/Prefabs/Units/PF_U13.prefab.meta","154","44d3b5cfc673e574ef134689ea1b5c458dc8bc20fabdadfd8f06f5af1f7f3fa4"
"Assets/_Game/Art/Prefabs/Units/PF_U14.prefab","5128","85ebaadbcfbc9059fa42469b845dc8fe19d2d0790710f1d14e50b4cd7c9565c6"
"Assets/_Game/Art/Prefabs/Units/PF_U14.prefab.meta","154","e2f3c9463c27def9bbc80c87462a33165b267c385680481213445bf130782209"
"Assets/_Game/Art/Prefabs/Units/PF_U15.prefab","5101","c67ac01f5efcdc41b79b15739512955f9f1acae92e8f028913b7fc14bfc49ff0"
"Assets/_Game/Art/Prefabs/Units/PF_U15.prefab.meta","154","f395931e85453ab378123dda71b7bac46aabd8b94ecfb4df2238a51c90806146"
"Assets/_Game/Art/Prefabs/Units/PF_U16.prefab","5104","4fc78a20b7ef3e87449f2f7d70a5348c1bc27e1f783830d264c75089c32e0d3d"
"Assets/_Game/Art/Prefabs/Units/PF_U16.prefab.meta","154","49eb0a33dbff61769003aa78851bb5386e0ef9e3caaa727070c5c50d41a9829f"
"Assets/_Game/Art/Prefabs/Units/PF_U17.prefab","5102","84261c8c74bc5f8440d8585edc426969d43a7e892d76838dfb99b0618023e512"
"Assets/_Game/Art/Prefabs/Units/PF_U17.prefab.meta","154","10017fd4621f1ef0e34bdff1bf329efc4cd53ecc91c98b671e53aebe67aff99a"
"Assets/_Game/Art/Prefabs/Units/PF_U18.prefab","5102","7f5888657b941b909c49d328f5ceeb9bbdcca9091fe7e3b95b981db98bf8c45b"
"Assets/_Game/Art/Prefabs/Units/PF_U18.prefab.meta","154","bf8a85fa34e5735bca9ab0db80f6802c316a2ca9a521eb3629101c87ad53d189"
"Assets/_Game/Art/Prefabs/Units/PF_U19.prefab","5104","75a03ea6b01908fbcfb21b00451a1841008d482a52ff220a2a892cb20dabecd7"
"Assets/_Game/Art/Prefabs/Units/PF_U19.prefab.meta","154","f4164aa4204fa1fbc37acdcf2ba186afefeee4ff24318d1ef184e09cf71a3c8e"
"Assets/_Game/Art/Prefabs/Units/PF_U20.prefab","5100","dee87878d7578b02d1ab707d25fe05d969fd4b3fdb2f4c9e1f53833dc660bd35"
"Assets/_Game/Art/Prefabs/Units/PF_U20.prefab.meta","154","ee9bdd2e94f0cd71f594bc7ebb1e9ac5c94d32b5a517e1c5e881772977e3689c"
"Assets/_Game/Art/Prefabs/Units/PF_U22.prefab","5104","ae77d348bb3686a107bb0e189a7d4324f45a0a1bf1f83335b2e2e10ed774bb71"
"Assets/_Game/Art/Prefabs/Units/PF_U22.prefab.meta","154","6563ee379c0443809e5b8d200d911e375b804deabd31e8bd3a9060d6ed194c12"
"Assets/_Game/Art/Prefabs/Units/PF_U23.prefab","5100","04064582377a6b90f1ab06e0b67606f47d63469cb505ed6907a0ba325c182510"
"Assets/_Game/Art/Prefabs/Units/PF_U23.prefab.meta","154","6e49e00eabd8f3c0483c3cbe5ef99ff7fc675e3181b00e78a89a497e0716c6e2"
"Assets/_Game/Art/Prefabs/Units/PF_U24.prefab","5102","fc7defffb435783c14257bb1d88d51e14293ff15d68b60f2e2d35394c295a38e"
"Assets/_Game/Art/Prefabs/Units/PF_U24.prefab.meta","154","9830bc101fe3cc7f6e95626f9b74a44b3bd13145a28f240f400bc5a55a549ae9"
"Assets/_Game/Art/Prefabs/Units/U01.obj","66661","cd35daa9e3b242d8f5a0110013b1a45929a46788066864fd167521c6de9747a7"
"Assets/_Game/Art/Prefabs/Units/U01.obj.meta","2939","88ca3ea6de90e05a41356ffbaeb82a67b85bd3fbecae7f266402e78666619cd9"
"Assets/_Game/Art/Prefabs/Units/U01.prefab","3795","7e6cc7a8971cfaea966f2e22f482af61edbd5265ae633d4b681dc21eccc58cef"
"Assets/_Game/Art/Prefabs/Units/U01.prefab.meta","154","1c91cedb2827290f875ebb77ea3edd19ac1813a68b6f551e3af905dd7c8dda8c"
"Assets/_Game/Art/Prefabs/Units/U02.obj","71628","9c5e359a27b62cb6fe7a06f150097f2e79fe685a3ae1f422c8a90e104c2547ef"
"Assets/_Game/Art/Prefabs/Units/U02.obj.meta","2939","09c79bb3035a18752836c952fb279b9604297073d14515e70ad3546f692826a7"
"Assets/_Game/Art/Prefabs/Units/U02.prefab","3614","810470e76c978033cc1d81bf54f26379f45bb10a1cdeedbbf9b5736e6a342c6a"
"Assets/_Game/Art/Prefabs/Units/U02.prefab.meta","154","9545893bda0103e62b384f70ce47a2a23952dd1174f3da231433a2a024fd0d24"
"Assets/_Game/Art/Prefabs/Units/U03.obj","144204","1a6ad5d05b40c90fcc0372ecdc49624d4a7c1ddc9b353b435e64de8ca85ec564"
"Assets/_Game/Art/Prefabs/Units/U03.obj.meta","2830","b5468509fb6e8fda6ca5a27f9ffbaa5db807c01f1ad217924914a5945a51b01c"
"Assets/_Game/Art/Prefabs/Units/U03.prefab","3638","f1e4a4f76efe5e395d30b6ab8a248b79ea008a8ecc256941601dd909003c4800"
"Assets/_Game/Art/Prefabs/Units/U03.prefab.meta","154","811b19159ed62f1485f82ec6d50c86e459dea22277394cd6d0042c0df5985b22"
"Assets/_Game/Art/Prefabs/Units/U04.obj","4071","36430befcd9246c0ff6f66e16e5ef987005a65c9e0fce16415f7f1510dfa7a9f"
"Assets/_Game/Art/Prefabs/Units/U04.obj.meta","2939","3f03919b19663531c4388da3de72c1b34aa6417bb3defb3a7d6e7bc9f6253490"
"Assets/_Game/Art/Prefabs/Units/U04.prefab","3632","3e26daa588ae453ec5b955af85cd1b486b4bb7e116bc2b89630d411b72e09791"
"Assets/_Game/Art/Prefabs/Units/U04.prefab.meta","154","2008ed42f92be20318acb7d841611038b21b162b8fb000b5c7f765b90edf50cd"
"Assets/_Game/Art/Prefabs/Units/U05.obj","7410","6d8766fdc6dc274069fa544790b3e7364d412340d50630bb517243f8e8578517"
"Assets/_Game/Art/Prefabs/Units/U05.obj.meta","2830","a62c0f923eddc5ffd2f5fb468beab30ff64b8b9e4587fd3fbb8820eaecb494b4"
"Assets/_Game/Art/Prefabs/Units/U05.prefab","3622","45c6c661b8e11ecd0771b7644ed29d153d566df4fe1d056182868abc35d06203"
"Assets/_Game/Art/Prefabs/Units/U05.prefab.meta","154","4d9ed7a7b006a84081f8687b863257ccdae274cdf383ee22f75e38e4e5ba8c1d"
"Assets/_Game/Art/Prefabs/Units/U06.obj","55232","d67078953187c4786242c5db2c7c8ee37012adee3ebd306dd48076f3d367fadf"
"Assets/_Game/Art/Prefabs/Units/U06.obj.meta","2830","e1afa6714423fa4f2068491222272dae3a2445b63177052d6821d3f285c51924"
"Assets/_Game/Art/Prefabs/Units/U06.prefab","3630","524a9845423db3d88954967cb21234d5dfe5f120dcab6d4231ac023effa9e2fa"
"Assets/_Game/Art/Prefabs/Units/U06.prefab.meta","154","bf2ddbc50219fb68f5c3ea6833c8f2769ce41764cccf71ab82d0fbd4a8462ad8"
"Assets/_Game/Art/Prefabs/Units/U07.obj","282033","919f7a55284664345635d3fca6bf25e23990ec71514645ea6df33ef26e26904a"
"Assets/_Game/Art/Prefabs/Units/U07.obj.meta","2830","0e6da8fb357a9ada2012229d673ba4b555d085d27087985a98d9e35dbac0de3b"
"Assets/_Game/Art/Prefabs/Units/U07.prefab","3636","1fa9a63792ca1cc0d7c4f0dc3e5fb0e4746fbc7d8e0cb69fd716fe9a8a1c2331"
"Assets/_Game/Art/Prefabs/Units/U07.prefab.meta","154","3bfa09ccae367c6f305952f3d270a3f66ba6558031ea48ecfab9722ffb8a2988"
"Assets/_Game/Art/Prefabs/Units/U08.obj","10966","d78d624710276e5c4460cbe8c1330f403910f0f5a8980eebf40768a255521889"
"Assets/_Game/Art/Prefabs/Units/U08.obj.meta","2830","83b7d32d828f43cf314dec7b891999f19a1c544c9aa3fe1397aef7fc7b99bd6e"
"Assets/_Game/Art/Prefabs/Units/U08.prefab","3634","380f4fa60a4639721545ee81dcce18ab441792a26e758d828e49529c65782a58"
"Assets/_Game/Art/Prefabs/Units/U08.prefab.meta","154","f9ff14ffbbedba7a5c10f4eafa5e3cf6bd18b444f87874fe054f93acc687d7d8"
"Assets/_Game/Art/Prefabs/Units/U09.obj","27407","6f4d6f3082a05c1727c8b227aac1109ed1826821a3e967c2afe431b1439b8cc3"
"Assets/_Game/Art/Prefabs/Units/U09.obj.meta","2830","0ddf56b241e429e3987b8721845fd8b380e60dd4ddef8fb8abd81a6836dde259"
"Assets/_Game/Art/Prefabs/Units/U09.prefab","3634","6e27ec81ce7a44fd6281ac6c8450e2086c99ec3876f8344590cf1783ee2bdce7"
"Assets/_Game/Art/Prefabs/Units/U09.prefab.meta","154","7cd715a6f2d9ac896b86fe7ba1e75da57d7e41f9b52a0a63e1fdf2d60ec96bd4"
"Assets/_Game/Art/Prefabs/Units/U10.obj","3308","9611f7c878f2f85bd97760e44064f65f2c3876064a285ee3912562d8e2b1cda9"
"Assets/_Game/Art/Prefabs/Units/U10.obj.meta","2830","89b7c9441d987e3c20add355ea1deaa77812c1c826aa754132a9df7d66813a17"
"Assets/_Game/Art/Prefabs/Units/U10.prefab","3635","0183799ee62cf30624db35eddfa324349a5305ef7d7fe48284f5e4dcb4aac84d"
"Assets/_Game/Art/Prefabs/Units/U10.prefab.meta","154","b88e8b14d129974c9bc43fe7de8fbdc0b53b514859c48ec6d0831309afa0e4ac"
"Assets/_Game/Art/Prefabs/Units/U11.obj","3426","471269bd2e04695be15384bfbf719451af48510c2082d3a1944c1f0a5b042bf4"
"Assets/_Game/Art/Prefabs/Units/U11.obj.meta","2939","c268852d8d43e7c2babddb41a13dd8226bec2cf31d1b7d58f2f97b90d7f55372"
"Assets/_Game/Art/Prefabs/Units/U11.prefab","3636","3d023187667438f771b4423cbef03a6383a46d5a25322d2a6f767790e7e68283"
"Assets/_Game/Art/Prefabs/Units/U11.prefab.meta","154","6e034ebcd415dc53d3abbf057c9d4aa050fd973c579988f25f80f5147f6fa347"
"Assets/_Game/Art/Prefabs/Units/U12.obj","60990","af5255f816dae5633ac53d55d3282c45224b3d278f80cdf354b6f639ffaf87b7"
"Assets/_Game/Art/Prefabs/Units/U12.obj.meta","2939","1c86f9a0c8e61e3558952ac3531a7b378c842f5f97deccd9cbb2e3b008f4c53e"
"Assets/_Game/Art/Prefabs/Units/U12.prefab","3635","7c7ebb2ca5ca3f44b76fcb9246f49fa203851b644b2f25a04d1128c65daa6968"
"Assets/_Game/Art/Prefabs/Units/U12.prefab.meta","154","cd2b574c984933780cf28539813af88c27c66c1b578bef10f176344e529c4fc8"
"Assets/_Game/Art/Prefabs/Units/U13.obj","1714","907e89488ad92602d9e70fb50a8228eb8160638c39e578c3210111a2051b9f1e"
"Assets/_Game/Art/Prefabs/Units/U13.obj.meta","2830","8d2c86dc345397239e9293d08a1197c2ca05d0fe65268ac1a63bf3fbafd419a7"
"Assets/_Game/Art/Prefabs/Units/U14.obj","5323","328e348a5d95467966435a2c70fbed144c8a674533f181c9dc3ee708fc5e4bc7"
"Assets/_Game/Art/Prefabs/Units/U14.obj.meta","2830","354578521dec4983c17ace24adc773f1d54d97951bf55560cd1db85e4b355df5"
"Assets/_Game/Art/Prefabs/Units/U15.obj","3351","f442debfcca65d526257d9fd8246fb60a8e98a8d9416a641ffc1b3817641b963"
"Assets/_Game/Art/Prefabs/Units/U15.obj.meta","2830","4dc43f699e0897ee50c09acd39c1dbc8c050b449e8ce1e3ef64770818ed1c899"
"Assets/_Game/Art/Prefabs/Units/U17.obj","86909","d0c07bd35c36d23916fdfa3fe277c27b16c6e642075eae65ea793680c8fc644f"
"Assets/_Game/Art/Prefabs/Units/U17.obj.meta","2830","26f02fb897dbd7759371566053a33b62b9adaccd379129e1f6d68c7bc9dfde9f"
"Assets/_Game/Art/Prefabs/Units/U18.obj","89056","62a38530a303ce350fd040dd9f46e5c8b59c5f5f3a6f4544f44ed8e96921f65b"
"Assets/_Game/Art/Prefabs/Units/U18.obj.meta","2830","0ffa704db5247fe676f5671d5d41f2adfd4729c2dd2e57ebfb070e2a20435acb"
"Assets/_Game/Art/Prefabs/Units/U19.obj","124096","0e8c8d74889957bbdf1b99b6ee8e7465a3d4c445f263ed8fadf087c06b3c7665"
"Assets/_Game/Art/Prefabs/Units/U19.obj.meta","2830","1aced158fed1e2276687f84bf7a7cba3994f19b882a7b9f1d3b875202dec8e9f"
"Assets/_Game/Art/Prefabs/Units/U20.obj","165986","b9deff779deb3c5708a61bd4f7ae9ba08a32002a2b738e05e3bb892db32981c5"
"Assets/_Game/Art/Prefabs/Units/U20.obj.meta","2830","fcabd79b9664c4b963fc1b50551bb9a37c2707561d82523f85c2e2c7ea37dca3"
"Assets/_Game/Art/Prefabs/Units/U21.obj","61289","f643a33ad81ed7bc01d3088efe83fa70db47c4ba7d169fc48d043fb655119842"
"Assets/_Game/Art/Prefabs/Units/U21.obj.meta","2830","605d302ea9d16aa2188092fd570c365a5835c4774ccaea4e0a932c971dd21651"
"Assets/_Game/Art/Prefabs/Units/U22.obj","4891","dc4bdaa7b1824107d67c5cec9f7ad28d65af2326c1db8b0023accd5a228fb69e"
"Assets/_Game/Art/Prefabs/Units/U22.obj.meta","2830","935be2f0950ac90c66e235353300d09587333f01cfe7751e9f03b4311add84f5"
"Assets/_Game/Art/Prefabs/Units/U23.obj","8321","40ef66d523d27b949894634424427b01343c5f3a574238ca61c114656454a1e7"
"Assets/_Game/Art/Prefabs/Units/U23.obj.meta","2830","61c8447cd10a40b10d8dd95602ebb9a0e136af44f8aaeeaf7a55e003f20de308"
"Assets/_Game/Art/Prefabs/Units/U24.obj","64490","49ae02495404b89b7b893dae91a009a03b389de825900c9960f4f964552ffbd3"
"Assets/_Game/Art/Prefabs/Units/U24.obj.meta","2830","3198551065ec546dc0903f14655aa34e884c456b6167f6fbaedd5b3ecd214349"
"Assets/_Game/Resources/11111/1.fbx","27564","f5897dd987acdaf4f5987a17fba55eaef705837974ef85520a1ac12b7ed694cc"
"Assets/_Game/Resources/11111/1.fbx.meta","2939","461ac0d16e55a079731520581b15fe7b066c3e3e0d93aaaff922b59c75911365"
"Assets/_Game/Resources/11111/10.fbx","67596","d87d99413e6008f2ff9e2bab9e33084f703cd0f7d6f60a59863a1fb9ec7da05f"
"Assets/_Game/Resources/11111/10.fbx.meta","2939","770d8e634229f5541d5c6898a15533457a4200c80f4ef2f3dba294a80edbe3d5"
"Assets/_Game/Resources/11111/11.fbx","101004","e96b2ab50b66405010afa4af37bdcfc4df771e872794c77077b63839d2b07a4f"
"Assets/_Game/Resources/11111/11.fbx.meta","2939","b7155db4161d49cae3f05cc428b1a4b55606ba38bb45a722b9a2712b048813a2"
"Assets/_Game/Resources/11111/12.fbx","28492","34cd54915359137c5faa4ab7dd7f78057e31dc8201429efccdbd45dfc3cd3c44"
"Assets/_Game/Resources/11111/12.fbx.meta","2939","8075d3dbffd810127c470d33a859aaac98088bd6016c157226d031b00f4928fd"
"Assets/_Game/Resources/11111/13.fbx","41772","e3aa7afffaf5649bdfbb9c295ec87c7caadcf05f6c4a77b46da7c43909322337"
"Assets/_Game/Resources/11111/13.fbx.meta","2939","5b13047d0fc20f484edf2d81f8e5c35f24b0961a2de99f36918f7e44bb2579b6"
"Assets/_Game/Resources/11111/14.fbx","15628","dba9746b7c10994e70c55beff7a08a1ff7151bc327f48d633ac3de6203ef8b5c"
"Assets/_Game/Resources/11111/14.fbx.meta","2939","c7391e13fe2ea343e22330a7371d1a3b54b61f1744ec2cbaa43d82a0c142c456"
"Assets/_Game/Resources/11111/15.fbx","100764","89825cc8fc43c0af7509889af8ec3978ab03d513a46010e7df2c7f95f8a23044"
"Assets/_Game/Resources/11111/15.fbx.meta","2939","3611de474c12cf8e175db8d51558b346a38fa533760e0d0f891f1f3c272be96c"
"Assets/_Game/Resources/11111/2.fbx","33004","06be0e9dce83651a31d1590e25aea2aa2edaf780bd35e7d4c03067dfbc407ee9"
"Assets/_Game/Resources/11111/2.fbx.meta","2939","387dcf17e08b4042eb9dac015f57b217c2c81907a4d5246f82dc6ec8c2e9959a"
"Assets/_Game/Resources/11111/3.fbx","15980","1932d9cd9b420387fa915fac7d0524fe4cc9bf32d8014a862ab01521fa20b5a2"
"Assets/_Game/Resources/11111/3.fbx.meta","2939","0347cdccd7e536ce8e1f7386e4b9c8cc4359d328e48dcca2bbae5eec68a6e7db"
"Assets/_Game/Resources/11111/4.fbx","24876","72c601157d49abfa9675574d6f1b2bceb49d951e48da933f96909e7d7c358975"
"Assets/_Game/Resources/11111/4.fbx.meta","2939","15a89c83f55e5c9abab08061314dd01217f52b5864e37cdd1bebd4f9a15c026d"
"Assets/_Game/Resources/11111/5.fbx","15500","7ce625e25011b7a5372e31d19afa0a81026a5a76d10a02db690be220ee1c615e"
"Assets/_Game/Resources/11111/5.fbx.meta","2939","985328c18c6e22ce89e9435897a1515da8aceaec4fd7c405e9a3e8026786585c"
"Assets/_Game/Resources/11111/6.fbx","39020","fd74e666ad942da7a69471cb1aad52a13f52ffeb74f6d42a135e55d402a111c7"
"Assets/_Game/Resources/11111/6.fbx.meta","2939","39ce911b98eba2d2a3ef0f129e4075ec365dc72a6414c13769b3363be7b96170"
"Assets/_Game/Resources/11111/7.fbx","79388","4187600eb103edf5451acbe3f38a5b9278cc533b34c57b9bfff8e0c57a30f48e"
"Assets/_Game/Resources/11111/7.fbx.meta","2939","ba4a46120e615c7c8130e6606f8c4bc559660c2cc510ff501528aa904d8a232d"
"Assets/_Game/Resources/11111/8.fbx","25340","2357b9ec30e3de293b17937ec5db5308085c664ed6cbc5d211e0e901412876a8"
"Assets/_Game/Resources/11111/8.fbx.meta","2939","baec9f38f23b832e6c7a35b65a07e65571fe33dbd0ae5acf495807f1475a23e8"
"Assets/_Game/Resources/11111/9.fbx","21724","f43938a48613b3050e1307124f61ddca71b67a8abc99214fce69c96e3daba524"
"Assets/_Game/Resources/11111/9.fbx.meta","2939","edc26bc2f7292c93c30f4b6ee7509b645a794d36e1e655847b98858ac34ce75c"
"Assets/_Game/Scripts/UI/BattlePanel.cs","534","98ee63622cd10941ccc7e50ee991a7cbc4e499fcbbb619b654d84825c5bcf52b"
"Assets/_Game/Scripts/UI/BattlePanel.cs.meta","254","5e2560064a105b8d1beb50c0f7f7ffc676795c0fc35beea391ebcbeccc274e17"
"Assets/_Game/Scripts/UI/BattlePanel.prefab","19424","bf0246feaaec7f1a14a9d9031e93de728cbcc9bd5cd8c8dfdb583121f7255014"
"Assets/_Game/Scripts/UI/BattlePanel.prefab.meta","161","00e964ecc102bb52b7df8870b53f512dc24e9beccbe80d8e00eeffb71d2fa6e4"
"Assets/_Game/Scripts/UI/LevelSelectPanel.cs","3543","63d46b6ad6772801882be98d699021ed22a910a65330bfd58f2d7c504b884895"
"Assets/_Game/Scripts/UI/LevelSelectPanel.cs.meta","254","6c6d577c1e417326e69e0ab10a510d3b3b81e5e289c22b126af1d6e8175e5fdc"
"Assets/_Game/Scripts/UI/LevelSelectPanel.prefab","51033","213bd7b0cea09ee58f96cf792c1182d09826e0c76e07d35136a83d4d86eeb97c"
"Assets/_Game/Scripts/UI/LevelSelectPanel.prefab.meta","161","60fc013886e589f230563a063608150b10a87a5cb553f6914fa327a64732246d"
"Assets/_Game/Scripts/UI/Menu.prefab","11131","e455edce7728fd68c4181612c8885988d1a39b3f3902a90c4be01519a2dac768"
"Assets/_Game/Scripts/UI/Menu.prefab.meta","161","fede106a6e92aa5c2cca88e6b99f141733b0090c81229be70f9ad3ad91bf7f22"
"Assets/_Game/Scripts/UI/MenuPanel.cs","2906","8f6bbfdc69d0c4a3ab2529d4a454dc64e31d1ada0d7cdfcd7bcb5fd357ab215c"
"Assets/_Game/Scripts/UI/MenuPanel.cs.meta","254","fe766fabc11fcfd246daa0f77c9c528324861aa5f6903cba88168239596405b9"
"Assets/_YFanFramework/Prefabs/AudioSourceItem.prefab","3137","95f69fe2423af7ca30cbaadec01aec7d37611bfa95d8f3a3399c8504e26b486e"
"Assets/_YFanFramework/Prefabs/AudioSourceItem.prefab.meta","161","a79751febbffeb40a3f6f88bb58211d8f62eb43e94aa83d8eafc931e1a0c6f32"
"Assets/_YFanFramework/Prefabs/FloatingTextItem.prefab","4891","1c01856236c9c8b46508dceab321fcaa429487537c504ed010b3fff540ded5ee"
"Assets/_YFanFramework/Prefabs/FloatingTextItem.prefab.meta","161","e83d7ced8f0c35b128a05befc9100be495500d9399ffdc2f4561841f7f72c6d8"
"Assets/_YFanFramework/Scripts/Systems/FloatingTextSystem/FloatingTextItem.cs","11600","6d23193dead2ab99d5814c63792e6527728138440f3ae0de59008a9e61aa71d4"
"Assets/_YFanFramework/Scripts/Systems/FloatingTextSystem/FloatingTextItem.cs.meta","254","798a8cec96cca0fc9cd7ac753f5d4e822747433703c7fe7a954404ad731fbd39"
"Assets/TextMesh Pro/Shaders/TMP_SDF.shader","10917","21b8ea81bb6e3ef203d329f6c81afd9e4751684245d85c9b477010a157d01929"
"Assets/TextMesh Pro/Shaders/TMP_SDF.shader.meta","213","e77b8946de1f5eb76f2e1dd47ccaadc84ff67d30904b8f5bcb998203cdd61396"
