"FromAsset","ReferencedGuid","ResolvedPath","Resolution"
"Assets/_Game/Art/Fonts/Default SDF.asset","40552c6c6b56118409f41b5054cfdb44","Assets/_Game/Art/Fonts/Default.ttf","Resolved"
"Assets/_Game/Art/Fonts/Default SDF.asset","68e6db2ebdc24f95958faec2be5558d6","Assets/TextMesh Pro/Shaders/TMP_SDF.shader","Resolved"
"Assets/_Game/Art/Fonts/Default SDF.asset","71c1514a6bd24e1e882cebbe1904ce04","Library/PackageCache/com.unity.textmeshpro@3.0.6/Scripts/Runtime/TMP_FontAsset.cs","Resolved"
"Assets/_Game/Art/Materials/Mat_E01.mat","0000000000000000f000000000000000","","UnresolvedOrBuiltIn"
"Assets/_Game/Art/Materials/Mat_E02.mat","0000000000000000f000000000000000","","UnresolvedOrBuiltIn"
"Assets/_Game/Art/Materials/Mat_E03.mat","0000000000000000f000000000000000","","UnresolvedOrBuiltIn"
"Assets/_Game/Art/Materials/Mat_E04.mat","0000000000000000f000000000000000","","UnresolvedOrBuiltIn"
"Assets/_Game/Art/Materials/Mat_E05.mat","0000000000000000f000000000000000","","UnresolvedOrBuiltIn"
"Assets/_Game/Art/Materials/Mat_E06.mat","0000000000000000f000000000000000","","UnresolvedOrBuiltIn"
"Assets/_Game/Art/Materials/Mat_E07.mat","0000000000000000f000000000000000","","UnresolvedOrBuiltIn"
"Assets/_Game/Art/Materials/Mat_E08.mat","0000000000000000f000000000000000","","UnresolvedOrBuiltIn"
"Assets/_Game/Art/Materials/Mat_E09.mat","0000000000000000f000000000000000","","UnresolvedOrBuiltIn"
"Assets/_Game/Art/Materials/Mat_E10.mat","0000000000000000f000000000000000","","UnresolvedOrBuiltIn"
"Assets/_Game/Art/Materials/Mat_E11.mat","0000000000000000f000000000000000","","UnresolvedOrBuiltIn"
"Assets/_Game/Art/Materials/Mat_E12.mat","0000000000000000f000000000000000","","UnresolvedOrBuiltIn"
"Assets/_Game/Art/Materials/Mat_E13.mat","0000000000000000f000000000000000","","UnresolvedOrBuiltIn"
"Assets/_Game/Art/Materials/Mat_E14.mat","0000000000000000f000000000000000","","UnresolvedOrBuiltIn"
"Assets/_Game/Art/Materials/Mat_E15.mat","0000000000000000f000000000000000","","UnresolvedOrBuiltIn"
"Assets/_Game/Art/Materials/Mat_U01.mat","0000000000000000f000000000000000","","UnresolvedOrBuiltIn"
"Assets/_Game/Art/Materials/Mat_U02.mat","0000000000000000f000000000000000","","UnresolvedOrBuiltIn"
"Assets/_Game/Art/Materials/Mat_U03.mat","0000000000000000f000000000000000","","UnresolvedOrBuiltIn"
"Assets/_Game/Art/Materials/Mat_U04.mat","0000000000000000f000000000000000","","UnresolvedOrBuiltIn"
"Assets/_Game/Art/Materials/Mat_U05.mat","0000000000000000f000000000000000","","UnresolvedOrBuiltIn"
"Assets/_Game/Art/Materials/Mat_U06.mat","0000000000000000f000000000000000","","UnresolvedOrBuiltIn"
"Assets/_Game/Art/Materials/Mat_U07.mat","0000000000000000f000000000000000","","UnresolvedOrBuiltIn"
"Assets/_Game/Art/Materials/Mat_U08.mat","0000000000000000f000000000000000","","UnresolvedOrBuiltIn"
"Assets/_Game/Art/Materials/Mat_U09.mat","0000000000000000f000000000000000","","UnresolvedOrBuiltIn"
"Assets/_Game/Art/Materials/Mat_U10.mat","0000000000000000f000000000000000","","UnresolvedOrBuiltIn"
"Assets/_Game/Art/Materials/Mat_U11.mat","0000000000000000f000000000000000","","UnresolvedOrBuiltIn"
"Assets/_Game/Art/Materials/Mat_U12.mat","0000000000000000f000000000000000","","UnresolvedOrBuiltIn"
"Assets/_Game/Art/Materials/Mat_U13.mat","0000000000000000f000000000000000","","UnresolvedOrBuiltIn"
"Assets/_Game/Art/Materials/Mat_U15.mat","0000000000000000f000000000000000","","UnresolvedOrBuiltIn"
"Assets/_Game/Art/Materials/Mat_U16.mat","0000000000000000f000000000000000","","UnresolvedOrBuiltIn"
"Assets/_Game/Art/Materials/Mat_U17.mat","0000000000000000f000000000000000","","UnresolvedOrBuiltIn"
"Assets/_Game/Art/Materials/Mat_U18.mat","0000000000000000f000000000000000","","UnresolvedOrBuiltIn"
"Assets/_Game/Art/Materials/Mat_U19.mat","0000000000000000f000000000000000","","UnresolvedOrBuiltIn"
"Assets/_Game/Art/Materials/Mat_U20.mat","0000000000000000f000000000000000","","UnresolvedOrBuiltIn"
"Assets/_Game/Art/Materials/Mat_U21.mat","0000000000000000f000000000000000","","UnresolvedOrBuiltIn"
"Assets/_Game/Art/Materials/Mat_U22.mat","0000000000000000f000000000000000","","UnresolvedOrBuiltIn"
"Assets/_Game/Art/Materials/Mat_U23.mat","0000000000000000f000000000000000","","UnresolvedOrBuiltIn"
"Assets/_Game/Art/Materials/Mat_U24.mat","0000000000000000f000000000000000","","UnresolvedOrBuiltIn"
"Assets/_Game/Art/Prefabs/Buildings/PF_E06.prefab","184cbfe1ed6d3c241b7ec9d9b5d2326d","Assets/_Game/Art/Materials/Mat_E06.mat","Resolved"
"Assets/_Game/Art/Prefabs/Buildings/PF_E06.prefab","6587bd970d7104147955315630d14712","Assets/_Game/Resources/11111/6.fbx","Resolved"
"Assets/_Game/Art/Prefabs/Buildings/PF_E07.prefab","68413b30f6236ad45840f8c4294add33","Assets/_Game/Resources/11111/7.fbx","Resolved"
"Assets/_Game/Art/Prefabs/Buildings/PF_E07.prefab","73e65bf99733ab54ebbdacf1938482a6","Assets/_Game/Art/Materials/Mat_E07.mat","Resolved"
"Assets/_Game/Art/Prefabs/Buildings/PF_E12.prefab","57b0b7d9f47442a438e8fb0ed660e715","Assets/_Game/Resources/11111/12.fbx","Resolved"
"Assets/_Game/Art/Prefabs/Buildings/PF_E12.prefab","a86202c880d3fba4fa27159ebf1b7490","Assets/_Game/Art/Materials/Mat_E12.mat","Resolved"
"Assets/_Game/Art/Prefabs/Buildings/PF_E13.prefab","b58db6350087459478242d652c66a163","Assets/_Game/Art/Materials/Mat_E13.mat","Resolved"
"Assets/_Game/Art/Prefabs/Buildings/PF_E13.prefab","c68ef938225c36c4189195d2131ed93a","Assets/_Game/Resources/11111/13.fbx","Resolved"
"Assets/_Game/Art/Prefabs/Buildings/PF_E14.prefab","15bb3752e6a753f41b600e16a200143f","Assets/_Game/Resources/11111/14.fbx","Resolved"
"Assets/_Game/Art/Prefabs/Buildings/PF_E14.prefab","aaca0c6455e6e3444ad38b6412489284","Assets/_Game/Art/Materials/Mat_E14.mat","Resolved"
"Assets/_Game/Art/Prefabs/Buildings/PF_E15.prefab","06918f90dbd0876479cfb590c588234a","Assets/_Game/Art/Materials/Mat_E15.mat","Resolved"
"Assets/_Game/Art/Prefabs/Buildings/PF_E15.prefab","18cab212848f1e942a633d195f30e6ec","Assets/_Game/Resources/11111/15.fbx","Resolved"
"Assets/_Game/Art/Prefabs/Buildings/PF_U08.prefab","5d8270a19d0c3ba49a2cb64251d3873f","Assets/_Game/Art/Materials/Mat_U08.mat","Resolved"
"Assets/_Game/Art/Prefabs/Buildings/PF_U08.prefab","828186805e580b842964ac00688ea37f","Assets/_Game/Art/Prefabs/Units/U08.obj","Resolved"
"Assets/_Game/Art/Prefabs/Buildings/PF_U09.prefab","507f12b34b19dde4eacb407c78f6dd8d","Assets/_Game/Art/Prefabs/Units/U09.obj","Resolved"
"Assets/_Game/Art/Prefabs/Buildings/PF_U09.prefab","d191714826e7cfd4ea54b1c71a144c74","Assets/_Game/Art/Materials/Mat_U09.mat","Resolved"
"Assets/_Game/Art/Prefabs/Buildings/PF_U10.prefab","0000000000000000e000000000000000","","UnresolvedOrBuiltIn"
"Assets/_Game/Art/Prefabs/Buildings/PF_U10.prefab","d8f8773c839b51a47a9efdcaed2abd5e","Assets/_Game/Art/Materials/Mat_U10.mat","Resolved"
"Assets/_Game/Art/Prefabs/Buildings/PF_U11.prefab","0000000000000000e000000000000000","","UnresolvedOrBuiltIn"
"Assets/_Game/Art/Prefabs/Buildings/PF_U11.prefab","1f1085ead6f614f4c90d2205e9b00e82","Assets/_Game/Art/Materials/Mat_U11.mat","Resolved"
"Assets/_Game/Art/Prefabs/Buildings/PF_U21.prefab","35cd3509e163e1b42b578ea273d6d9cf","Assets/_Game/Art/Prefabs/Units/U21.obj","Resolved"
"Assets/_Game/Art/Prefabs/Buildings/PF_U21.prefab","909c865c9a68d5148b4b1ad1568abec4","Assets/_Game/Art/Materials/Mat_U21.mat","Resolved"
"Assets/_Game/Art/Prefabs/Enemies/PF_E01.prefab","a326d73ee601f3946ab28f97c0edc432","Assets/_Game/Art/Materials/Mat_E01.mat","Resolved"
"Assets/_Game/Art/Prefabs/Enemies/PF_E01.prefab","d3bdc38d9e243df47a93adcee51b362e","Assets/_Game/Resources/11111/1.fbx","Resolved"
"Assets/_Game/Art/Prefabs/Enemies/PF_E02.prefab","7f8fb0ecd50c6d0498fe78ae60d52675","Assets/_Game/Resources/11111/2.fbx","Resolved"
"Assets/_Game/Art/Prefabs/Enemies/PF_E02.prefab","b90d41f36eabe7548aa88b2adee64dd9","Assets/_Game/Art/Materials/Mat_E02.mat","Resolved"
"Assets/_Game/Art/Prefabs/Enemies/PF_E03.prefab","5285d1d77ad220b41b362e3ce71ca0de","Assets/_Game/Resources/11111/3.fbx","Resolved"
"Assets/_Game/Art/Prefabs/Enemies/PF_E03.prefab","bac1006a7a3b30d4580c7d8511aa5d7d","Assets/_Game/Art/Materials/Mat_E03.mat","Resolved"
"Assets/_Game/Art/Prefabs/Enemies/PF_E04.prefab","15da9bc824a181d4f9c6155bc025b946","Assets/_Game/Resources/11111/4.fbx","Resolved"
"Assets/_Game/Art/Prefabs/Enemies/PF_E04.prefab","36538b0bee233ac4f803779abc0b3d3c","Assets/_Game/Art/Materials/Mat_E04.mat","Resolved"
"Assets/_Game/Art/Prefabs/Enemies/PF_E05.prefab","2def6418fee239340805d2473950578b","Assets/_Game/Resources/11111/5.fbx","Resolved"
"Assets/_Game/Art/Prefabs/Enemies/PF_E05.prefab","59ff1a66bbf66754f8613e3d8ae5f1d6","Assets/_Game/Art/Materials/Mat_E05.mat","Resolved"
"Assets/_Game/Art/Prefabs/Enemies/PF_E08.prefab","27d86da6997118d4aaf9619aa89c3378","Assets/_Game/Resources/11111/8.fbx","Resolved"
"Assets/_Game/Art/Prefabs/Enemies/PF_E08.prefab","55741e45fc3691847a2f45b30ef5a003","Assets/_Game/Art/Materials/Mat_E08.mat","Resolved"
"Assets/_Game/Art/Prefabs/Enemies/PF_E09.prefab","b20ae08aeefb5d54e9d3885720dbf2b8","Assets/_Game/Resources/11111/9.fbx","Resolved"
"Assets/_Game/Art/Prefabs/Enemies/PF_E09.prefab","d1529e003ebb68b4a8fddc9445891703","Assets/_Game/Art/Materials/Mat_E09.mat","Resolved"
"Assets/_Game/Art/Prefabs/Enemies/PF_E10.prefab","946a34b62259c4b4ca04041892ffa3d4","Assets/_Game/Art/Materials/Mat_E10.mat","Resolved"
"Assets/_Game/Art/Prefabs/Enemies/PF_E10.prefab","bbb645cefc6d6a3429d906700bbadd2e","Assets/_Game/Resources/11111/10.fbx","Resolved"
"Assets/_Game/Art/Prefabs/Enemies/PF_E11.prefab","a6c92b4b0361d1b418c4316308aafb58","Assets/_Game/Resources/11111/11.fbx","Resolved"
"Assets/_Game/Art/Prefabs/Enemies/PF_E11.prefab","e57af6a74927ea84a9adc614cb2c3735","Assets/_Game/Art/Materials/Mat_E11.mat","Resolved"
"Assets/_Game/Art/Prefabs/Models/MD_E01.prefab","0000000000000000e000000000000000","","UnresolvedOrBuiltIn"
"Assets/_Game/Art/Prefabs/Models/MD_E01.prefab","73c176f402d2c2f4d929aa5da7585d17","","UnresolvedOrBuiltIn"
"Assets/_Game/Art/Prefabs/Models/MD_E02.prefab","0000000000000000e000000000000000","","UnresolvedOrBuiltIn"
"Assets/_Game/Art/Prefabs/Models/MD_E02.prefab","73c176f402d2c2f4d929aa5da7585d17","","UnresolvedOrBuiltIn"
"Assets/_Game/Art/Prefabs/Models/MD_E03.prefab","0000000000000000e000000000000000","","UnresolvedOrBuiltIn"
"Assets/_Game/Art/Prefabs/Models/MD_E03.prefab","73c176f402d2c2f4d929aa5da7585d17","","UnresolvedOrBuiltIn"
"Assets/_Game/Art/Prefabs/Models/MD_E04.prefab","0000000000000000e000000000000000","","UnresolvedOrBuiltIn"
"Assets/_Game/Art/Prefabs/Models/MD_E04.prefab","73c176f402d2c2f4d929aa5da7585d17","","UnresolvedOrBuiltIn"
"Assets/_Game/Art/Prefabs/Models/MD_E05.prefab","0000000000000000e000000000000000","","UnresolvedOrBuiltIn"
"Assets/_Game/Art/Prefabs/Models/MD_E05.prefab","73c176f402d2c2f4d929aa5da7585d17","","UnresolvedOrBuiltIn"
"Assets/_Game/Art/Prefabs/Models/MD_E06.prefab","0000000000000000e000000000000000","","UnresolvedOrBuiltIn"
"Assets/_Game/Art/Prefabs/Models/MD_E06.prefab","73c176f402d2c2f4d929aa5da7585d17","","UnresolvedOrBuiltIn"
"Assets/_Game/Art/Prefabs/Models/MD_E07.prefab","0000000000000000e000000000000000","","UnresolvedOrBuiltIn"
"Assets/_Game/Art/Prefabs/Models/MD_E07.prefab","73c176f402d2c2f4d929aa5da7585d17","","UnresolvedOrBuiltIn"
"Assets/_Game/Art/Prefabs/Models/MD_U01.prefab","0000000000000000e000000000000000","","UnresolvedOrBuiltIn"
"Assets/_Game/Art/Prefabs/Models/MD_U01.prefab","73c176f402d2c2f4d929aa5da7585d17","","UnresolvedOrBuiltIn"
"Assets/_Game/Art/Prefabs/Models/MD_U02.prefab","0000000000000000e000000000000000","","UnresolvedOrBuiltIn"
"Assets/_Game/Art/Prefabs/Models/MD_U02.prefab","73c176f402d2c2f4d929aa5da7585d17","","UnresolvedOrBuiltIn"
"Assets/_Game/Art/Prefabs/Models/MD_U03.prefab","0000000000000000e000000000000000","","UnresolvedOrBuiltIn"
"Assets/_Game/Art/Prefabs/Models/MD_U03.prefab","73c176f402d2c2f4d929aa5da7585d17","","UnresolvedOrBuiltIn"
"Assets/_Game/Art/Prefabs/Models/MD_U04.prefab","0000000000000000e000000000000000","","UnresolvedOrBuiltIn"
"Assets/_Game/Art/Prefabs/Models/MD_U04.prefab","73c176f402d2c2f4d929aa5da7585d17","","UnresolvedOrBuiltIn"
"Assets/_Game/Art/Prefabs/Models/MD_U05.prefab","0000000000000000e000000000000000","","UnresolvedOrBuiltIn"
"Assets/_Game/Art/Prefabs/Models/MD_U05.prefab","73c176f402d2c2f4d929aa5da7585d17","","UnresolvedOrBuiltIn"
"Assets/_Game/Art/Prefabs/Models/MD_U06.prefab","0000000000000000e000000000000000","","UnresolvedOrBuiltIn"
"Assets/_Game/Art/Prefabs/Models/MD_U06.prefab","73c176f402d2c2f4d929aa5da7585d17","","UnresolvedOrBuiltIn"
"Assets/_Game/Art/Prefabs/Models/MD_U07.prefab","0000000000000000e000000000000000","","UnresolvedOrBuiltIn"
"Assets/_Game/Art/Prefabs/Models/MD_U07.prefab","73c176f402d2c2f4d929aa5da7585d17","","UnresolvedOrBuiltIn"
"Assets/_Game/Art/Prefabs/Models/MD_U08.prefab","0000000000000000e000000000000000","","UnresolvedOrBuiltIn"
"Assets/_Game/Art/Prefabs/Models/MD_U08.prefab","73c176f402d2c2f4d929aa5da7585d17","","UnresolvedOrBuiltIn"
"Assets/_Game/Art/Prefabs/Models/MD_U09.prefab","0000000000000000e000000000000000","","UnresolvedOrBuiltIn"
"Assets/_Game/Art/Prefabs/Models/MD_U09.prefab","73c176f402d2c2f4d929aa5da7585d17","","UnresolvedOrBuiltIn"
"Assets/_Game/Art/Prefabs/Models/MD_U10.prefab","0000000000000000e000000000000000","","UnresolvedOrBuiltIn"
"Assets/_Game/Art/Prefabs/Models/MD_U10.prefab","73c176f402d2c2f4d929aa5da7585d17","","UnresolvedOrBuiltIn"
"Assets/_Game/Art/Prefabs/Models/MD_U11.prefab","0000000000000000e000000000000000","","UnresolvedOrBuiltIn"
"Assets/_Game/Art/Prefabs/Models/MD_U11.prefab","73c176f402d2c2f4d929aa5da7585d17","","UnresolvedOrBuiltIn"
"Assets/_Game/Art/Prefabs/Models/MD_U12.prefab","0000000000000000e000000000000000","","UnresolvedOrBuiltIn"
"Assets/_Game/Art/Prefabs/Models/MD_U12.prefab","73c176f402d2c2f4d929aa5da7585d17","","UnresolvedOrBuiltIn"
"Assets/_Game/Art/Prefabs/Units/Mat_E01.mat","0000000000000000f000000000000000","","UnresolvedOrBuiltIn"
"Assets/_Game/Art/Prefabs/Units/PF_U01.prefab","17b34ab7ec0f811408ec679715b1f948","Assets/_Game/Art/Materials/Mat_U01.mat","Resolved"
"Assets/_Game/Art/Prefabs/Units/PF_U01.prefab","25cebf529e493fb4ebbedd04c000cf1f","Assets/_Game/Art/Prefabs/Units/U01.obj","Resolved"
"Assets/_Game/Art/Prefabs/Units/PF_U02.prefab","1d3a741350556a14b8ce58a47ac0b753","Assets/_Game/Art/Prefabs/Units/U02.obj","Resolved"
"Assets/_Game/Art/Prefabs/Units/PF_U02.prefab","438f0d08aa1f62c4686e02c63d384a11","Assets/_Game/Art/Materials/Mat_U02.mat","Resolved"
"Assets/_Game/Art/Prefabs/Units/PF_U03.prefab","6793e13dbe221bf429465870727968c4","Assets/_Game/Art/Materials/Mat_U03.mat","Resolved"
"Assets/_Game/Art/Prefabs/Units/PF_U03.prefab","d0d429f503dd95540b94ee654f23d0ba","Assets/_Game/Art/Prefabs/Units/U03.obj","Resolved"
"Assets/_Game/Art/Prefabs/Units/PF_U04.prefab","1493adaf1f830864e8af4a3a43b3a985","Assets/_Game/Art/Materials/Mat_U04.mat","Resolved"
"Assets/_Game/Art/Prefabs/Units/PF_U04.prefab","3e92520aca3060344af46124400d6742","Assets/_Game/Art/Prefabs/Units/U04.obj","Resolved"
"Assets/_Game/Art/Prefabs/Units/PF_U05.prefab","0072f10d593240f4b9e5a95df5d67782","Assets/_Game/Art/Prefabs/Units/U05.obj","Resolved"
"Assets/_Game/Art/Prefabs/Units/PF_U05.prefab","48a6d779e006b0a4fa141441db99d119","Assets/_Game/Art/Materials/Mat_U05.mat","Resolved"
"Assets/_Game/Art/Prefabs/Units/PF_U06.prefab","dc6cc7d1acb09834897d392cd8f30230","Assets/_Game/Art/Prefabs/Units/U06.obj","Resolved"
"Assets/_Game/Art/Prefabs/Units/PF_U06.prefab","fb0604fa3d16917498aeb02a486307d1","Assets/_Game/Art/Materials/Mat_U06.mat","Resolved"
"Assets/_Game/Art/Prefabs/Units/PF_U07.prefab","bbf650704adc8aa40bbd817142700a02","Assets/_Game/Art/Materials/Mat_U07.mat","Resolved"
"Assets/_Game/Art/Prefabs/Units/PF_U07.prefab","d9160e0a4fe112e4e9e53ef1f370cf2a","Assets/_Game/Art/Prefabs/Units/U07.obj","Resolved"
"Assets/_Game/Art/Prefabs/Units/PF_U12.prefab","2147c28186a7299469433e782704d536","Assets/_Game/Art/Materials/Mat_U12.mat","Resolved"
"Assets/_Game/Art/Prefabs/Units/PF_U12.prefab","3cad9287ba6887b43a6b3a001410a9b5","Assets/_Game/Art/Prefabs/Units/U12.obj","Resolved"
"Assets/_Game/Art/Prefabs/Units/PF_U13.prefab","68ae6ee796188e94283e0506823d4a47","Assets/_Game/Art/Prefabs/Units/U13.obj","Resolved"
"Assets/_Game/Art/Prefabs/Units/PF_U13.prefab","827d6fbfd139a1e4b96b0f5514d1182a","Assets/_Game/Art/Materials/Mat_U13.mat","Resolved"
"Assets/_Game/Art/Prefabs/Units/PF_U14.prefab","ab307c542de35634aacae5979fab158a","Assets/_Game/Art/Prefabs/Units/U14.obj","Resolved"
"Assets/_Game/Art/Prefabs/Units/PF_U15.prefab","1f992d9977143f84fb2b093383f76dbc","Assets/_Game/Art/Materials/Mat_U15.mat","Resolved"
"Assets/_Game/Art/Prefabs/Units/PF_U15.prefab","ab307c542de35634aacae5979fab158a","Assets/_Game/Art/Prefabs/Units/U14.obj","Resolved"
"Assets/_Game/Art/Prefabs/Units/PF_U16.prefab","56da723d8d583a148be9ced563599a29","Assets/_Game/Art/Prefabs/Units/U15.obj","Resolved"
"Assets/_Game/Art/Prefabs/Units/PF_U16.prefab","cf1fbe87ebc762e4494c700b2da97c90","Assets/_Game/Art/Materials/Mat_U16.mat","Resolved"
"Assets/_Game/Art/Prefabs/Units/PF_U17.prefab","7eecd33d48a0c3c45948b75a96738957","Assets/_Game/Art/Materials/Mat_U17.mat","Resolved"
"Assets/_Game/Art/Prefabs/Units/PF_U17.prefab","b848851dab9ebb14f8ebe8bc60b9deb1","Assets/_Game/Art/Prefabs/Units/U17.obj","Resolved"
"Assets/_Game/Art/Prefabs/Units/PF_U18.prefab","009ac6640f9484547b2aa869eb90bb1c","Assets/_Game/Art/Prefabs/Units/U18.obj","Resolved"
"Assets/_Game/Art/Prefabs/Units/PF_U18.prefab","650ebd669a825974fb456ee5c5558696","Assets/_Game/Art/Materials/Mat_U18.mat","Resolved"
"Assets/_Game/Art/Prefabs/Units/PF_U19.prefab","476ab43df98a3c745976b25fc66c2bd6","Assets/_Game/Art/Materials/Mat_U19.mat","Resolved"
"Assets/_Game/Art/Prefabs/Units/PF_U19.prefab","dee8a5b75337eaf479bcd629e82b43d4","Assets/_Game/Art/Prefabs/Units/U19.obj","Resolved"
"Assets/_Game/Art/Prefabs/Units/PF_U20.prefab","1d59cd44ecfa9df4fadbd3f0f8a5ff35","Assets/_Game/Art/Materials/Mat_U20.mat","Resolved"
"Assets/_Game/Art/Prefabs/Units/PF_U20.prefab","67ae6071e3347f84a9276cfcdbdb6f1b","Assets/_Game/Art/Prefabs/Units/U20.obj","Resolved"
"Assets/_Game/Art/Prefabs/Units/PF_U22.prefab","480d291e10bb297448a38267e7c351ef","Assets/_Game/Art/Prefabs/Units/U22.obj","Resolved"
"Assets/_Game/Art/Prefabs/Units/PF_U22.prefab","c8e79dc34b988ee4e81125ff5822bc2a","Assets/_Game/Art/Materials/Mat_U22.mat","Resolved"
"Assets/_Game/Art/Prefabs/Units/PF_U23.prefab","b75c2872c5e06234dafa2a8bcacb768b","Assets/_Game/Art/Materials/Mat_U23.mat","Resolved"
"Assets/_Game/Art/Prefabs/Units/PF_U23.prefab","c311545f5de42304d8e7ec2d47e717e5","Assets/_Game/Art/Prefabs/Units/U23.obj","Resolved"
"Assets/_Game/Art/Prefabs/Units/PF_U24.prefab","990d2cc118354784ba1f84065fc8c05e","Assets/_Game/Art/Prefabs/Units/U24.obj","Resolved"
"Assets/_Game/Art/Prefabs/Units/PF_U24.prefab","b42cfda76b577b945a64ff70ab963ba5","Assets/_Game/Art/Materials/Mat_U24.mat","Resolved"
"Assets/_Game/Art/Prefabs/Units/U01.prefab","25cebf529e493fb4ebbedd04c000cf1f","Assets/_Game/Art/Prefabs/Units/U01.obj","Resolved"
"Assets/_Game/Art/Prefabs/Units/U02.prefab","1d3a741350556a14b8ce58a47ac0b753","Assets/_Game/Art/Prefabs/Units/U02.obj","Resolved"
"Assets/_Game/Art/Prefabs/Units/U03.prefab","d0d429f503dd95540b94ee654f23d0ba","Assets/_Game/Art/Prefabs/Units/U03.obj","Resolved"
"Assets/_Game/Art/Prefabs/Units/U04.prefab","3e92520aca3060344af46124400d6742","Assets/_Game/Art/Prefabs/Units/U04.obj","Resolved"
"Assets/_Game/Art/Prefabs/Units/U05.prefab","0072f10d593240f4b9e5a95df5d67782","Assets/_Game/Art/Prefabs/Units/U05.obj","Resolved"
"Assets/_Game/Art/Prefabs/Units/U06.prefab","dc6cc7d1acb09834897d392cd8f30230","Assets/_Game/Art/Prefabs/Units/U06.obj","Resolved"
"Assets/_Game/Art/Prefabs/Units/U07.prefab","d9160e0a4fe112e4e9e53ef1f370cf2a","Assets/_Game/Art/Prefabs/Units/U07.obj","Resolved"
"Assets/_Game/Art/Prefabs/Units/U08.prefab","828186805e580b842964ac00688ea37f","Assets/_Game/Art/Prefabs/Units/U08.obj","Resolved"
"Assets/_Game/Art/Prefabs/Units/U09.prefab","507f12b34b19dde4eacb407c78f6dd8d","Assets/_Game/Art/Prefabs/Units/U09.obj","Resolved"
"Assets/_Game/Art/Prefabs/Units/U10.prefab","dda3df23b66c01a478435d3fece3ea3d","Assets/_Game/Art/Prefabs/Units/U10.obj","Resolved"
"Assets/_Game/Art/Prefabs/Units/U11.prefab","9cd8177803f5cab48a4669c245321253","Assets/_Game/Art/Prefabs/Units/U11.obj","Resolved"
"Assets/_Game/Art/Prefabs/Units/U12.prefab","3cad9287ba6887b43a6b3a001410a9b5","Assets/_Game/Art/Prefabs/Units/U12.obj","Resolved"
"Assets/_Game/Configs/CorporateCorridorTheme_Default.asset","0cb1669def5734a4a86d23eec9ab64ea","Assets/_Game/Scripts/Prototype3D/CorporateWarCorridorTheme.cs","Resolved"
"Assets/_Game/Resources/VisualMapping.asset","00605699940079840ad0810d9d08dc97","Assets/_Game/Art/Prefabs/Units/PF_U20.prefab","Resolved"
"Assets/_Game/Resources/VisualMapping.asset","0072f10d593240f4b9e5a95df5d67782","Assets/_Game/Art/Prefabs/Units/U05.obj","Resolved"
"Assets/_Game/Resources/VisualMapping.asset","009ac6640f9484547b2aa869eb90bb1c","Assets/_Game/Art/Prefabs/Units/U18.obj","Resolved"
"Assets/_Game/Resources/VisualMapping.asset","0513702e28a05264db5ec83c66225dc1","Assets/_Game/Art/Prefabs/Units/PF_U03.prefab","Resolved"
"Assets/_Game/Resources/VisualMapping.asset","06918f90dbd0876479cfb590c588234a","Assets/_Game/Art/Materials/Mat_E15.mat","Resolved"
"Assets/_Game/Resources/VisualMapping.asset","0aa86820830c6c04aad6058c8461bcb6","Assets/_Game/Resources/u26.fbx","Resolved"
"Assets/_Game/Resources/VisualMapping.asset","0b36364c0d8c8c34a91ea39f779676fc","Assets/_Game/Art/Prefabs/Buildings/PF_E06.prefab","Resolved"
"Assets/_Game/Resources/VisualMapping.asset","0f913102eb457e246b99ac01ec3e9871","Assets/_Game/Art/Prefabs/Buildings/PF_E07.prefab","Resolved"
"Assets/_Game/Resources/VisualMapping.asset","0ff406a69ad88384f97d90bd557c387c","Assets/_Game/Art/Prefabs/Enemies/PF_E03.prefab","Resolved"
"Assets/_Game/Resources/VisualMapping.asset","1493adaf1f830864e8af4a3a43b3a985","Assets/_Game/Art/Materials/Mat_U04.mat","Resolved"
"Assets/_Game/Resources/VisualMapping.asset","15bb3752e6a753f41b600e16a200143f","Assets/_Game/Resources/11111/14.fbx","Resolved"
"Assets/_Game/Resources/VisualMapping.asset","15da9bc824a181d4f9c6155bc025b946","Assets/_Game/Resources/11111/4.fbx","Resolved"
"Assets/_Game/Resources/VisualMapping.asset","17b34ab7ec0f811408ec679715b1f948","Assets/_Game/Art/Materials/Mat_U01.mat","Resolved"
"Assets/_Game/Resources/VisualMapping.asset","184cbfe1ed6d3c241b7ec9d9b5d2326d","Assets/_Game/Art/Materials/Mat_E06.mat","Resolved"
"Assets/_Game/Resources/VisualMapping.asset","18cab212848f1e942a633d195f30e6ec","Assets/_Game/Resources/11111/15.fbx","Resolved"
"Assets/_Game/Resources/VisualMapping.asset","1d3986cff5422af42ba543fd066abeb2","Assets/_Game/Art/Prefabs/Enemies/PF_E10.prefab","Resolved"
"Assets/_Game/Resources/VisualMapping.asset","1d3a741350556a14b8ce58a47ac0b753","Assets/_Game/Art/Prefabs/Units/U02.obj","Resolved"
"Assets/_Game/Resources/VisualMapping.asset","1d59cd44ecfa9df4fadbd3f0f8a5ff35","Assets/_Game/Art/Materials/Mat_U20.mat","Resolved"
"Assets/_Game/Resources/VisualMapping.asset","1f1085ead6f614f4c90d2205e9b00e82","Assets/_Game/Art/Materials/Mat_U11.mat","Resolved"
"Assets/_Game/Resources/VisualMapping.asset","1f992d9977143f84fb2b093383f76dbc","Assets/_Game/Art/Materials/Mat_U15.mat","Resolved"
"Assets/_Game/Resources/VisualMapping.asset","2147c28186a7299469433e782704d536","Assets/_Game/Art/Materials/Mat_U12.mat","Resolved"
"Assets/_Game/Resources/VisualMapping.asset","236de9af2145e5b4592c70791efeda84","Assets/_Game/Art/Prefabs/Buildings/PF_U21.prefab","Resolved"
"Assets/_Game/Resources/VisualMapping.asset","247ebbd6584a4ed40b134e8eba1264b2","Assets/_Game/Resources/u28.fbx","Resolved"
"Assets/_Game/Resources/VisualMapping.asset","25cebf529e493fb4ebbedd04c000cf1f","Assets/_Game/Art/Prefabs/Units/U01.obj","Resolved"
"Assets/_Game/Resources/VisualMapping.asset","27d86da6997118d4aaf9619aa89c3378","Assets/_Game/Resources/11111/8.fbx","Resolved"
"Assets/_Game/Resources/VisualMapping.asset","290d574d41075334f8592bc76741b01d","Assets/_Game/Resources/u31fbx.fbx","Resolved"
"Assets/_Game/Resources/VisualMapping.asset","2def6418fee239340805d2473950578b","Assets/_Game/Resources/11111/5.fbx","Resolved"
"Assets/_Game/Resources/VisualMapping.asset","332beb290a0cc784684e6c5e5e8cb220","Assets/_Game/Art/Prefabs/Units/PF_U19.prefab","Resolved"
"Assets/_Game/Resources/VisualMapping.asset","3540735a2f9e7cd468bad9b32dbdcf69","Assets/_Game/Art/Prefabs/Units/PF_U06.prefab","Resolved"
"Assets/_Game/Resources/VisualMapping.asset","35cd3509e163e1b42b578ea273d6d9cf","Assets/_Game/Art/Prefabs/Units/U21.obj","Resolved"
"Assets/_Game/Resources/VisualMapping.asset","36538b0bee233ac4f803779abc0b3d3c","Assets/_Game/Art/Materials/Mat_E04.mat","Resolved"
"Assets/_Game/Resources/VisualMapping.asset","3f95a2e723ab16947a03faffad16fe67","Assets/_Game/Art/Prefabs/Units/PF_U23.prefab","Resolved"
"Assets/_Game/Resources/VisualMapping.asset","404a97aaf469a1f4b9eccb0db0408214","Assets/_Game/Art/Prefabs/Units/U04.prefab","Resolved"
"Assets/_Game/Resources/VisualMapping.asset","42db1090b6cdb9f44a4e1ebec7f774ad","Assets/_Game/Resources/u29.fbx","Resolved"
"Assets/_Game/Resources/VisualMapping.asset","438f0d08aa1f62c4686e02c63d384a11","Assets/_Game/Art/Materials/Mat_U02.mat","Resolved"
"Assets/_Game/Resources/VisualMapping.asset","476ab43df98a3c745976b25fc66c2bd6","Assets/_Game/Art/Materials/Mat_U19.mat","Resolved"
"Assets/_Game/Resources/VisualMapping.asset","480d291e10bb297448a38267e7c351ef","Assets/_Game/Art/Prefabs/Units/U22.obj","Resolved"
"Assets/_Game/Resources/VisualMapping.asset","48a6d779e006b0a4fa141441db99d119","Assets/_Game/Art/Materials/Mat_U05.mat","Resolved"
"Assets/_Game/Resources/VisualMapping.asset","4a461845f45e66045bc08178c5e36df1","Assets/_Game/Art/Prefabs/Buildings/PF_E14.prefab","Resolved"
"Assets/_Game/Resources/VisualMapping.asset","4c26b9315913fb846a5d463b3a6efa87","Assets/_Game/Resources/u35.fbx","Resolved"
"Assets/_Game/Resources/VisualMapping.asset","507f12b34b19dde4eacb407c78f6dd8d","Assets/_Game/Art/Prefabs/Units/U09.obj","Resolved"
"Assets/_Game/Resources/VisualMapping.asset","5285d1d77ad220b41b362e3ce71ca0de","Assets/_Game/Resources/11111/3.fbx","Resolved"
"Assets/_Game/Resources/VisualMapping.asset","540218c52e8521e4bae575d475b35c96","Assets/_Game/Art/Prefabs/Enemies/PF_E11.prefab","Resolved"
"Assets/_Game/Resources/VisualMapping.asset","55741e45fc3691847a2f45b30ef5a003","Assets/_Game/Art/Materials/Mat_E08.mat","Resolved"
"Assets/_Game/Resources/VisualMapping.asset","56da723d8d583a148be9ced563599a29","Assets/_Game/Art/Prefabs/Units/U15.obj","Resolved"
"Assets/_Game/Resources/VisualMapping.asset","57b0b7d9f47442a438e8fb0ed660e715","Assets/_Game/Resources/11111/12.fbx","Resolved"
"Assets/_Game/Resources/VisualMapping.asset","59ff1a66bbf66754f8613e3d8ae5f1d6","Assets/_Game/Art/Materials/Mat_E05.mat","Resolved"
"Assets/_Game/Resources/VisualMapping.asset","5b83fbb5e29fce641964061aa2dfe055","Assets/_Game/Resources/u30.fbx","Resolved"
"Assets/_Game/Resources/VisualMapping.asset","5d8270a19d0c3ba49a2cb64251d3873f","Assets/_Game/Art/Materials/Mat_U08.mat","Resolved"
"Assets/_Game/Resources/VisualMapping.asset","5fa9b6c8177baab4ab16f8559880f134","Assets/_Game/Art/Prefabs/Buildings/PF_U10.prefab","Resolved"
"Assets/_Game/Resources/VisualMapping.asset","5fc5c250c14be5a459fa67e055683317","Assets/_Game/Art/Prefabs/Units/U12.prefab","Resolved"
"Assets/_Game/Resources/VisualMapping.asset","650ebd669a825974fb456ee5c5558696","Assets/_Game/Art/Materials/Mat_U18.mat","Resolved"
"Assets/_Game/Resources/VisualMapping.asset","6587bd970d7104147955315630d14712","Assets/_Game/Resources/11111/6.fbx","Resolved"
"Assets/_Game/Resources/VisualMapping.asset","6793e13dbe221bf429465870727968c4","Assets/_Game/Art/Materials/Mat_U03.mat","Resolved"
"Assets/_Game/Resources/VisualMapping.asset","67ae6071e3347f84a9276cfcdbdb6f1b","Assets/_Game/Art/Prefabs/Units/U20.obj","Resolved"
"Assets/_Game/Resources/VisualMapping.asset","68413b30f6236ad45840f8c4294add33","Assets/_Game/Resources/11111/7.fbx","Resolved"
"Assets/_Game/Resources/VisualMapping.asset","6845248e04083fd42b808f80be8c3fe3","Assets/_Game/Art/Prefabs/Buildings/PF_U09.prefab","Resolved"
"Assets/_Game/Resources/VisualMapping.asset","68ae6ee796188e94283e0506823d4a47","Assets/_Game/Art/Prefabs/Units/U13.obj","Resolved"
"Assets/_Game/Resources/VisualMapping.asset","6c39343024583ed40bd086fabae27a4a","Assets/_Game/Art/Prefabs/Buildings/PF_E13.prefab","Resolved"
"Assets/_Game/Resources/VisualMapping.asset","6e32aa0a679432a48bc258313c546d72","Assets/_Game/Resources/u33.fbx","Resolved"
"Assets/_Game/Resources/VisualMapping.asset","6e9f917ad8ac09b46a3957f3e5e11944","Assets/_Game/Art/Prefabs/Units/PF_U18.prefab","Resolved"
"Assets/_Game/Resources/VisualMapping.asset","6f6189b0cceb888419584e7530f12876","Assets/_Game/Art/Prefabs/Units/PF_U22.prefab","Resolved"
"Assets/_Game/Resources/VisualMapping.asset","71dd222b664f2dd4bad7db06bea49f6f","Assets/_Game/Resources/u25.fbx","Resolved"
"Assets/_Game/Resources/VisualMapping.asset","71fc9b2cac606a145a8f63e936bde192","Assets/_Game/Art/Prefabs/Enemies/PF_E04.prefab","Resolved"
"Assets/_Game/Resources/VisualMapping.asset","73e65bf99733ab54ebbdacf1938482a6","Assets/_Game/Art/Materials/Mat_E07.mat","Resolved"
"Assets/_Game/Resources/VisualMapping.asset","7552d5651be231e4282c60170d3b8b34","Assets/_Game/Art/Prefabs/Buildings/PF_U11.prefab","Resolved"
"Assets/_Game/Resources/VisualMapping.asset","7eecd33d48a0c3c45948b75a96738957","Assets/_Game/Art/Materials/Mat_U17.mat","Resolved"
"Assets/_Game/Resources/VisualMapping.asset","7f411aff47408564188324ba1c5f5f53","Assets/_Game/Art/Prefabs/Enemies/PF_E05.prefab","Resolved"
"Assets/_Game/Resources/VisualMapping.asset","7f8fb0ecd50c6d0498fe78ae60d52675","Assets/_Game/Resources/11111/2.fbx","Resolved"
"Assets/_Game/Resources/VisualMapping.asset","827d6fbfd139a1e4b96b0f5514d1182a","Assets/_Game/Art/Materials/Mat_U13.mat","Resolved"
"Assets/_Game/Resources/VisualMapping.asset","828186805e580b842964ac00688ea37f","Assets/_Game/Art/Prefabs/Units/U08.obj","Resolved"
"Assets/_Game/Resources/VisualMapping.asset","82c29e4c01003c649ada293f8ccddc1a","Assets/_Game/Art/Prefabs/Enemies/PF_E09.prefab","Resolved"
"Assets/_Game/Resources/VisualMapping.asset","8800a5eda99ca9148b0e9a94258025eb","Assets/_Game/Art/Prefabs/Units/PF_U01.prefab","Resolved"
"Assets/_Game/Resources/VisualMapping.asset","88b3bd44a9baaa14ca68d58fcfc8b60f","Assets/_Game/Art/Prefabs/Enemies/PF_E01.prefab","Resolved"
"Assets/_Game/Resources/VisualMapping.asset","909c865c9a68d5148b4b1ad1568abec4","Assets/_Game/Art/Materials/Mat_U21.mat","Resolved"
"Assets/_Game/Resources/VisualMapping.asset","946a34b62259c4b4ca04041892ffa3d4","Assets/_Game/Art/Materials/Mat_E10.mat","Resolved"
"Assets/_Game/Resources/VisualMapping.asset","96ea450f4bf628c48a2d0f8422a35818","Assets/_Game/Art/Prefabs/Units/PF_U12.prefab","Resolved"
"Assets/_Game/Resources/VisualMapping.asset","97caf04fd249b9c4da40585470779da8","Assets/_Game/Art/Prefabs/Buildings/PF_E15.prefab","Resolved"
"Assets/_Game/Resources/VisualMapping.asset","990d2cc118354784ba1f84065fc8c05e","Assets/_Game/Art/Prefabs/Units/U24.obj","Resolved"
"Assets/_Game/Resources/VisualMapping.asset","99bac7bc9a9e1b744a802557e76790cb","Assets/_Game/Art/Prefabs/Units/PF_U14.prefab","Resolved"
"Assets/_Game/Resources/VisualMapping.asset","a0efc8b2f6954574b819e4c79451efdf","Assets/_Game/Art/Prefabs/Units/PF_U24.prefab","Resolved"
"Assets/_Game/Resources/VisualMapping.asset","a30b0e5f800c77047b39e11529caf6dd","Assets/_Game/Art/Prefabs/Enemies/PF_E08.prefab","Resolved"
"Assets/_Game/Resources/VisualMapping.asset","a326d73ee601f3946ab28f97c0edc432","Assets/_Game/Art/Materials/Mat_E01.mat","Resolved"
"Assets/_Game/Resources/VisualMapping.asset","a6c92b4b0361d1b418c4316308aafb58","Assets/_Game/Resources/11111/11.fbx","Resolved"
"Assets/_Game/Resources/VisualMapping.asset","a86202c880d3fba4fa27159ebf1b7490","Assets/_Game/Art/Materials/Mat_E12.mat","Resolved"
"Assets/_Game/Resources/VisualMapping.asset","aaca0c6455e6e3444ad38b6412489284","Assets/_Game/Art/Materials/Mat_E14.mat","Resolved"
"Assets/_Game/Resources/VisualMapping.asset","ab307c542de35634aacae5979fab158a","Assets/_Game/Art/Prefabs/Units/U14.obj","Resolved"
"Assets/_Game/Resources/VisualMapping.asset","ade51b4967bb72644b3910464166f806","Assets/_Game/Resources/u34.fbx","Resolved"
"Assets/_Game/Resources/VisualMapping.asset","b016c8f233532824189294bfdfe3c834","Assets/_Game/Art/Prefabs/Units/PF_U16.prefab","Resolved"
"Assets/_Game/Resources/VisualMapping.asset","b02464fd1f2f4b14db86c928c46e08c4","Assets/_Game/Art/Prefabs/Units/PF_U17.prefab","Resolved"
"Assets/_Game/Resources/VisualMapping.asset","b20ae08aeefb5d54e9d3885720dbf2b8","Assets/_Game/Resources/11111/9.fbx","Resolved"
"Assets/_Game/Resources/VisualMapping.asset","b337aa8f349904044840f69c1a45381a","Assets/_Game/Art/Prefabs/Units/PF_U02.prefab","Resolved"
"Assets/_Game/Resources/VisualMapping.asset","b42cfda76b577b945a64ff70ab963ba5","Assets/_Game/Art/Materials/Mat_U24.mat","Resolved"
"Assets/_Game/Resources/VisualMapping.asset","b58db6350087459478242d652c66a163","Assets/_Game/Art/Materials/Mat_E13.mat","Resolved"
"Assets/_Game/Resources/VisualMapping.asset","b75c2872c5e06234dafa2a8bcacb768b","Assets/_Game/Art/Materials/Mat_U23.mat","Resolved"
"Assets/_Game/Resources/VisualMapping.asset","b848851dab9ebb14f8ebe8bc60b9deb1","Assets/_Game/Art/Prefabs/Units/U17.obj","Resolved"
"Assets/_Game/Resources/VisualMapping.asset","b90d41f36eabe7548aa88b2adee64dd9","Assets/_Game/Art/Materials/Mat_E02.mat","Resolved"
"Assets/_Game/Resources/VisualMapping.asset","bac1006a7a3b30d4580c7d8511aa5d7d","Assets/_Game/Art/Materials/Mat_E03.mat","Resolved"
"Assets/_Game/Resources/VisualMapping.asset","bbb645cefc6d6a3429d906700bbadd2e","Assets/_Game/Resources/11111/10.fbx","Resolved"
"Assets/_Game/Resources/VisualMapping.asset","bbf650704adc8aa40bbd817142700a02","Assets/_Game/Art/Materials/Mat_U07.mat","Resolved"
"Assets/_Game/Resources/VisualMapping.asset","bffb32eade7bbba40a4d3b8dd0bdce3a","Assets/_Game/Art/Prefabs/Units/PF_U05.prefab","Resolved"
"Assets/_Game/Resources/VisualMapping.asset","c311545f5de42304d8e7ec2d47e717e5","Assets/_Game/Art/Prefabs/Units/U23.obj","Resolved"
"Assets/_Game/Resources/VisualMapping.asset","c68ef938225c36c4189195d2131ed93a","Assets/_Game/Resources/11111/13.fbx","Resolved"
"Assets/_Game/Resources/VisualMapping.asset","c8e79dc34b988ee4e81125ff5822bc2a","Assets/_Game/Art/Materials/Mat_U22.mat","Resolved"
"Assets/_Game/Resources/VisualMapping.asset","cf1fbe87ebc762e4494c700b2da97c90","Assets/_Game/Art/Materials/Mat_U16.mat","Resolved"
"Assets/_Game/Resources/VisualMapping.asset","d0d429f503dd95540b94ee654f23d0ba","Assets/_Game/Art/Prefabs/Units/U03.obj","Resolved"
"Assets/_Game/Resources/VisualMapping.asset","d1529e003ebb68b4a8fddc9445891703","Assets/_Game/Art/Materials/Mat_E09.mat","Resolved"
"Assets/_Game/Resources/VisualMapping.asset","d191714826e7cfd4ea54b1c71a144c74","Assets/_Game/Art/Materials/Mat_U09.mat","Resolved"
"Assets/_Game/Resources/VisualMapping.asset","d3bdc38d9e243df47a93adcee51b362e","Assets/_Game/Resources/11111/1.fbx","Resolved"
"Assets/_Game/Resources/VisualMapping.asset","d455cf7412b52fb44b3843bd3b7c080f","Assets/_Game/Art/Prefabs/Units/PF_U04.prefab","Resolved"
"Assets/_Game/Resources/VisualMapping.asset","d77e9a4600cc9734e98e189c3056d183","Assets/_Game/Resources/u27.fbx","Resolved"
"Assets/_Game/Resources/VisualMapping.asset","d8f8773c839b51a47a9efdcaed2abd5e","Assets/_Game/Art/Materials/Mat_U10.mat","Resolved"
"Assets/_Game/Resources/VisualMapping.asset","d9160e0a4fe112e4e9e53ef1f370cf2a","Assets/_Game/Art/Prefabs/Units/U07.obj","Resolved"
"Assets/_Game/Resources/VisualMapping.asset","dac57947227da0c4b93ed5289ece8a8e","Assets/_Game/Art/Prefabs/Units/PF_U15.prefab","Resolved"
"Assets/_Game/Resources/VisualMapping.asset","dae81429396409043816f2d34ff07cdf","Assets/_Game/Art/Prefabs/Enemies/PF_E02.prefab","Resolved"
"Assets/_Game/Resources/VisualMapping.asset","dc6cc7d1acb09834897d392cd8f30230","Assets/_Game/Art/Prefabs/Units/U06.obj","Resolved"
"Assets/_Game/Resources/VisualMapping.asset","dee8a5b75337eaf479bcd629e82b43d4","Assets/_Game/Art/Prefabs/Units/U19.obj","Resolved"
"Assets/_Game/Resources/VisualMapping.asset","df92ac2564996814da348089a258201f","Assets/_Game/Resources/u36.fbx","Resolved"
"Assets/_Game/Resources/VisualMapping.asset","e4e65e1ec4a34c068baf55ae0319f61c","Assets/_Game/Scripts/Configs/VisualMapping.cs","Resolved"
"Assets/_Game/Resources/VisualMapping.asset","e57af6a74927ea84a9adc614cb2c3735","Assets/_Game/Art/Materials/Mat_E11.mat","Resolved"
"Assets/_Game/Resources/VisualMapping.asset","ecb679c8b1807ff48a7604af4b753951","Assets/_Game/Art/Prefabs/Units/PF_U13.prefab","Resolved"
"Assets/_Game/Resources/VisualMapping.asset","ee7ac5a833270d446ae6c3787e444708","Assets/_Game/Art/Prefabs/Buildings/PF_U08.prefab","Resolved"
"Assets/_Game/Resources/VisualMapping.asset","f1f5c25dff9208e4089633b0e97b15fc","Assets/_Game/Art/Prefabs/Units/PF_U07.prefab","Resolved"
"Assets/_Game/Resources/VisualMapping.asset","f480bba0361852147914fb6ca5b79ec4","Assets/_Game/Resources/u32.fbx","Resolved"
"Assets/_Game/Resources/VisualMapping.asset","fab33d89383fd1c4b8efda8342a40c0d","Assets/_Game/Art/Prefabs/Buildings/PF_E12.prefab","Resolved"
"Assets/_Game/Resources/VisualMapping.asset","fb0604fa3d16917498aeb02a486307d1","Assets/_Game/Art/Materials/Mat_U06.mat","Resolved"
"Assets/_Game/Scenes/Battle.unity","0000000000000000e000000000000000","","UnresolvedOrBuiltIn"
"Assets/_Game/Scenes/Battle.unity","0cd44c1031e13a943bb63640046fad76","Library/PackageCache/com.unity.ugui@1.0.0/Runtime/UI/Core/Layout/CanvasScaler.cs","Resolved"
"Assets/_Game/Scenes/Battle.unity","23c1ce4fb46143f46bc5cb5224c934f6","","UnresolvedOrBuiltIn"
"Assets/_Game/Scenes/Battle.unity","4f231c4fb786f3946a6b90b886c48677","Library/PackageCache/com.unity.ugui@1.0.0/Runtime/EventSystem/InputModules/StandaloneInputModule.cs","Resolved"
"Assets/_Game/Scenes/Battle.unity","76c392e42b5098c458856cdf6ecaaaa1","Library/PackageCache/com.unity.ugui@1.0.0/Runtime/EventSystem/EventSystem.cs","Resolved"
"Assets/_Game/Scenes/Battle.unity","7a68c43fe1f2a47cfa234b5eeaa98012","","UnresolvedOrBuiltIn"
"Assets/_Game/Scenes/Battle.unity","91f5d05d77ca1304a854d845c5322397","Assets/_YFanFramework/Scripts/Procedure/GameFlowManager.cs","Resolved"
"Assets/_Game/Scenes/Battle.unity","b0c7a557f3cd7234881d01af014e0c74","Assets/_Game/Scripts/Prototype3D/CompanyWarPrototype3DRuntime.cs","Resolved"
"Assets/_Game/Scenes/Battle.unity","bbf390857e266064c8b5cbf4727ec069","Assets/_Game/Scripts/Prototype3D/CompanyWarGrid3DRenderer.cs","Resolved"
"Assets/_Game/Scenes/Battle.unity","dc42784cf147c0c48a680349fa168899","Library/PackageCache/com.unity.ugui@1.0.0/Runtime/UI/Core/GraphicRaycaster.cs","Resolved"
"Assets/_Game/Scenes/Battle3D.unity","0000000000000000e000000000000000","","UnresolvedOrBuiltIn"
"Assets/_Game/Scenes/Battle3D.unity","23c1ce4fb46143f46bc5cb5224c934f6","","UnresolvedOrBuiltIn"
"Assets/_Game/Scenes/Battle3D.unity","472095d0f2d70b44bb1af988fbea18f3","Assets/_Game/Configs/CorporateCorridorTheme_Default.asset","Resolved"
"Assets/_Game/Scenes/Battle3D.unity","7a68c43fe1f2a47cfa234b5eeaa98012","","UnresolvedOrBuiltIn"
"Assets/_Game/Scenes/Battle3D.unity","886a9d7f809bb314ea9acb4acff95da2","Assets/_Game/Scripts/Prototype3D/CorporateWarCorridorFloor.cs","Resolved"
"Assets/_Game/Scenes/Battle3D.unity","b0c7a557f3cd7234881d01af014e0c74","Assets/_Game/Scripts/Prototype3D/CompanyWarPrototype3DRuntime.cs","Resolved"
"Assets/_Game/Scenes/Battle3D.unity","bbf390857e266064c8b5cbf4727ec069","Assets/_Game/Scripts/Prototype3D/CompanyWarGrid3DRenderer.cs","Resolved"
"Assets/_Game/Scenes/Boot.unity","0000000000000000e000000000000000","","UnresolvedOrBuiltIn"
"Assets/_Game/Scenes/Boot.unity","00b367e15e1be0543b9cc431fc4d3ed8","Assets/_Game/Scenes/《克系黑暗科幻的无尽耐力之循环》钟爱圣代.mp3","Resolved"
"Assets/_Game/Scenes/Boot.unity","0cd44c1031e13a943bb63640046fad76","Library/PackageCache/com.unity.ugui@1.0.0/Runtime/UI/Core/Layout/CanvasScaler.cs","Resolved"
"Assets/_Game/Scenes/Boot.unity","155ec0ea3f9180546937200533d13eac","Assets/_Game/Scenes/《海雾深处的克系威胁》钟爱圣代 (2).mp3","Resolved"
"Assets/_Game/Scenes/Boot.unity","18b6fa968446e1d4a9241d201d4366f1","Assets/_Game/Art/Fonts/Default SDF.asset","Resolved"
"Assets/_Game/Scenes/Boot.unity","1aa08ab6e0800fa44ae55d278d1423e3","Library/PackageCache/com.unity.ugui@1.0.0/Runtime/UI/Core/ScrollRect.cs","Resolved"
"Assets/_Game/Scenes/Boot.unity","220800c5c9ec38e4a9c2cf2b45d03608","Assets/_Game/Scripts/UI/LoadingScreenController.cs","Resolved"
"Assets/_Game/Scenes/Boot.unity","23c1ce4fb46143f46bc5cb5224c934f6","","UnresolvedOrBuiltIn"
"Assets/_Game/Scenes/Boot.unity","2c92bf0461d2e6a46b00f8ec23498c14","Assets/_Game/Scenes/《管风琴的午夜邪影之战》钟爱圣代.mp3","Resolved"
"Assets/_Game/Scenes/Boot.unity","31a19414c41e5ae4aae2af33fee712f6","Library/PackageCache/com.unity.ugui@1.0.0/Runtime/UI/Core/Mask.cs","Resolved"
"Assets/_Game/Scenes/Boot.unity","3312d7739989d2b4e91e6319e9a96d76","Library/PackageCache/com.unity.ugui@1.0.0/Runtime/UI/Core/RectMask2D.cs","Resolved"
"Assets/_Game/Scenes/Boot.unity","4d3429b2001f4ab4d90b7cdbd073314a","Assets/_Game/Scripts/UI/LevelSelectUIController.cs","Resolved"
"Assets/_Game/Scenes/Boot.unity","4e29b1a8efbd4b44bb3f3716e73f07ff","Library/PackageCache/com.unity.ugui@1.0.0/Runtime/UI/Core/Button.cs","Resolved"
"Assets/_Game/Scenes/Boot.unity","4f231c4fb786f3946a6b90b886c48677","Library/PackageCache/com.unity.ugui@1.0.0/Runtime/EventSystem/InputModules/StandaloneInputModule.cs","Resolved"
"Assets/_Game/Scenes/Boot.unity","5444a92cbcc0b4744a17f05e1a7d34e5","Assets/_Game/Scripts/Procedure/CompanyWarManager.cs","Resolved"
"Assets/_Game/Scenes/Boot.unity","59fb71799f2041f4dbcbbfdd23b1d017","Assets/_Game/Scripts/UI/HudNewsTicker.cs","Resolved"
"Assets/_Game/Scenes/Boot.unity","622eb800e761d4b43aab33553df4a430","Assets/_Game/Scripts/UI/UIChineseFontBinder.cs","Resolved"
"Assets/_Game/Scenes/Boot.unity","71c1514a6bd24e1e882cebbe1904ce04","Library/PackageCache/com.unity.textmeshpro@3.0.6/Scripts/Runtime/TMP_FontAsset.cs","Resolved"
"Assets/_Game/Scenes/Boot.unity","76c392e42b5098c458856cdf6ecaaaa1","Library/PackageCache/com.unity.ugui@1.0.0/Runtime/EventSystem/EventSystem.cs","Resolved"
"Assets/_Game/Scenes/Boot.unity","7a68c43fe1f2a47cfa234b5eeaa98012","","UnresolvedOrBuiltIn"
"Assets/_Game/Scenes/Boot.unity","99f948e3e8b78e44e95503d2983ddc19","Assets/_Game/Scripts/Audio/AudioManager.cs","Resolved"
"Assets/_Game/Scenes/Boot.unity","b387857d282c06d45a64921f8e9e86c6","Assets/_Game/Scenes/《黑暗克系科幻战斗的弦乐交锋》钟爱圣代.mp3","Resolved"
"Assets/_Game/Scenes/Boot.unity","cab260536c3ae7d4b8f1768625e95ce3","Assets/_Game/Scenes/《黑暗克系的无尽科幻轮回》钟爱圣代.mp3","Resolved"
"Assets/_Game/Scenes/Boot.unity","dc42784cf147c0c48a680349fa168899","Library/PackageCache/com.unity.ugui@1.0.0/Runtime/UI/Core/GraphicRaycaster.cs","Resolved"
"Assets/_Game/Scenes/Boot.unity","e19747de3f5aca642ab2be37e372fb86","Library/PackageCache/com.unity.ugui@1.0.0/Runtime/UI/Core/VertexModifiers/Outline.cs","Resolved"
"Assets/_Game/Scenes/Boot.unity","e6e438871465b6c45b4d9f3ca2167124","Assets/_Game/Scenes/《管风琴的午夜邪影之战》钟爱圣代 (1).mp3","Resolved"
"Assets/_Game/Scenes/Boot.unity","eb4b4efc09625be47af580d907e9c787","Assets/Resources/Fonts/ChineseUIFont.ttf","Resolved"
"Assets/_Game/Scenes/Boot.unity","f4688fdb7df04437aeb418b961361dc5","Library/PackageCache/com.unity.textmeshpro@3.0.6/Scripts/Runtime/TextMeshProUGUI.cs","Resolved"
"Assets/_Game/Scenes/Boot.unity","f8259503862a03c4689d4061a4d764f0","Assets/_Game/Scripts/UI/MainMenuUIController.cs","Resolved"
"Assets/_Game/Scenes/Boot.unity","fe393ace9b354375a9cb14cdbbc28be4","Assets/TextMesh Pro/Shaders/TMP_SDF-Mobile.shader","Resolved"
"Assets/_Game/Scenes/Boot.unity","fe87c0e1cc204ed48ad3b37840f39efc","Library/PackageCache/com.unity.ugui@1.0.0/Runtime/UI/Core/Image.cs","Resolved"
"Assets/_Game/Scenes/ShaderPractice_02.mat","2f55a4f68b45664438d9997a5d413d4f","Assets/_Game/Scenes/companywar.shader","Resolved"
"Assets/_Game/Scripts/UI/BattlePanel.prefab","0000000000000000f000000000000000","","UnresolvedOrBuiltIn"
"Assets/_Game/Scripts/UI/BattlePanel.prefab","18b6fa968446e1d4a9241d201d4366f1","Assets/_Game/Art/Fonts/Default SDF.asset","Resolved"
"Assets/_Game/Scripts/UI/BattlePanel.prefab","290e077e0729742428a81a8ebc2598ab","Assets/_Game/Scripts/UI/Menu.prefab","Resolved"
"Assets/_Game/Scripts/UI/BattlePanel.prefab","4e29b1a8efbd4b44bb3f3716e73f07ff","Library/PackageCache/com.unity.ugui@1.0.0/Runtime/UI/Core/Button.cs","Resolved"
"Assets/_Game/Scripts/UI/BattlePanel.prefab","642b2c2954fd5574fa229fca7cac5ac4","Assets/_Game/Scripts/UI/BattlePanel.cs","Resolved"
"Assets/_Game/Scripts/UI/BattlePanel.prefab","f4688fdb7df04437aeb418b961361dc5","Library/PackageCache/com.unity.textmeshpro@3.0.6/Scripts/Runtime/TextMeshProUGUI.cs","Resolved"
"Assets/_Game/Scripts/UI/BattlePanel.prefab","fe87c0e1cc204ed48ad3b37840f39efc","Library/PackageCache/com.unity.ugui@1.0.0/Runtime/UI/Core/Image.cs","Resolved"
"Assets/_Game/Scripts/UI/LevelSelectPanel.prefab","0000000000000000f000000000000000","","UnresolvedOrBuiltIn"
"Assets/_Game/Scripts/UI/LevelSelectPanel.prefab","18b6fa968446e1d4a9241d201d4366f1","Assets/_Game/Art/Fonts/Default SDF.asset","Resolved"
"Assets/_Game/Scripts/UI/LevelSelectPanel.prefab","4e29b1a8efbd4b44bb3f3716e73f07ff","Library/PackageCache/com.unity.ugui@1.0.0/Runtime/UI/Core/Button.cs","Resolved"
"Assets/_Game/Scripts/UI/LevelSelectPanel.prefab","81c4b70ccd8a8b94bbc0f6eff40736f7","Assets/_Game/Scripts/UI/LevelSelectPanel.cs","Resolved"
"Assets/_Game/Scripts/UI/LevelSelectPanel.prefab","f4688fdb7df04437aeb418b961361dc5","Library/PackageCache/com.unity.textmeshpro@3.0.6/Scripts/Runtime/TextMeshProUGUI.cs","Resolved"
"Assets/_Game/Scripts/UI/LevelSelectPanel.prefab","fe87c0e1cc204ed48ad3b37840f39efc","Library/PackageCache/com.unity.ugui@1.0.0/Runtime/UI/Core/Image.cs","Resolved"
"Assets/_Game/Scripts/UI/Menu.prefab","0000000000000000f000000000000000","","UnresolvedOrBuiltIn"
"Assets/_Game/Scripts/UI/Menu.prefab","18b6fa968446e1d4a9241d201d4366f1","Assets/_Game/Art/Fonts/Default SDF.asset","Resolved"
"Assets/_Game/Scripts/UI/Menu.prefab","4e29b1a8efbd4b44bb3f3716e73f07ff","Library/PackageCache/com.unity.ugui@1.0.0/Runtime/UI/Core/Button.cs","Resolved"
"Assets/_Game/Scripts/UI/Menu.prefab","e52691e61cc9cfb4eb29e48a69f4f231","Assets/_Game/Scripts/UI/MenuPanel.cs","Resolved"
"Assets/_Game/Scripts/UI/Menu.prefab","f4688fdb7df04437aeb418b961361dc5","Library/PackageCache/com.unity.textmeshpro@3.0.6/Scripts/Runtime/TextMeshProUGUI.cs","Resolved"
"Assets/_Game/Scripts/UI/Menu.prefab","fe87c0e1cc204ed48ad3b37840f39efc","Library/PackageCache/com.unity.ugui@1.0.0/Runtime/UI/Core/Image.cs","Resolved"
"Assets/_YFanFramework/Prefabs/FloatingTextItem.prefab","0411f205fe34b6e4aa5bc9e62ecaec3c","Assets/_YFanFramework/Scripts/Systems/FloatingTextSystem/FloatingTextItem.cs","Resolved"
"Assets/_YFanFramework/Prefabs/FloatingTextItem.prefab","306e268947e135648b69111007d22514","","UnresolvedOrBuiltIn"
"Assets/_YFanFramework/Prefabs/FloatingTextItem.prefab","f4688fdb7df04437aeb418b961361dc5","Library/PackageCache/com.unity.textmeshpro@3.0.6/Scripts/Runtime/TextMeshProUGUI.cs","Resolved"
"Assets/AddressableAssetsData/AddressableAssetSettings.asset","0575421d9bbcedb4c97570942822a20a","Assets/AddressableAssetsData/DataBuilders/BuildScriptVirtualMode.asset","Resolved"
"Assets/AddressableAssetsData/AddressableAssetSettings.asset","3ee7124a2b27fe74597233f30255ddc8","Assets/AddressableAssetsData/AssetGroups/Default Local Group.asset","Resolved"
"Assets/AddressableAssetsData/AddressableAssetSettings.asset","468a46d0ae32c3544b7d98094e6448a9","Library/PackageCache/com.unity.addressables@1.21.20/Editor/Settings/AddressableAssetSettings.cs","Resolved"
"Assets/AddressableAssetsData/AddressableAssetSettings.asset","55e4a3046f0a81143b26185c1c98fb88","Assets/AddressableAssetsData/DataBuilders/BuildScriptFastMode.asset","Resolved"
"Assets/AddressableAssetsData/AddressableAssetSettings.asset","731c7388c6b12db4d8f388873db18be5","Assets/AddressableAssetsData/AssetGroups/Built In Data.asset","Resolved"
"Assets/AddressableAssetsData/AddressableAssetSettings.asset","82e5b0aa5fa0b33418c6513d0e3919e4","Assets/AddressableAssetsData/DataBuilders/BuildScriptPackedMode.asset","Resolved"
"Assets/AddressableAssetsData/AddressableAssetSettings.asset","cbe35974b91d3f34ba5d236345290ac2","Assets/AddressableAssetsData/AssetGroupTemplates/Packed Assets.asset","Resolved"
"Assets/AddressableAssetsData/AddressableAssetSettings.asset","f8795174a0556b844a240dd03c8aec84","Assets/AddressableAssetsData/DataBuilders/BuildScriptPackedPlayMode.asset","Resolved"
"Assets/AddressableAssetsData/AssetGroups/Built In Data.asset","1632da4f26fb1f64daedeb926a46a0ad","Assets/AddressableAssetsData/AssetGroups/Schemas/Built In Data_PlayerDataGroupSchema.asset","Resolved"
"Assets/AddressableAssetsData/AssetGroups/Built In Data.asset","bbb281ee3bf0b054c82ac2347e9e782c","Library/PackageCache/com.unity.addressables@1.21.20/Editor/Settings/AddressableAssetGroup.cs","Resolved"
"Assets/AddressableAssetsData/AssetGroups/Built In Data.asset","c07b58d30e7b5914fb0518b3c26a1f8b","Assets/AddressableAssetsData/AddressableAssetSettings.asset","Resolved"
"Assets/AddressableAssetsData/AssetGroups/Default Local Group.asset","2cf195c98af5ca345810d40e87768163","Assets/AddressableAssetsData/AssetGroups/Schemas/Default Local Group_BundledAssetGroupSchema.asset","Resolved"
"Assets/AddressableAssetsData/AssetGroups/Default Local Group.asset","8167e687fb380214eb42adefc221ea36","Assets/AddressableAssetsData/AssetGroups/Schemas/Default Local Group_ContentUpdateGroupSchema.asset","Resolved"
"Assets/AddressableAssetsData/AssetGroups/Default Local Group.asset","bbb281ee3bf0b054c82ac2347e9e782c","Library/PackageCache/com.unity.addressables@1.21.20/Editor/Settings/AddressableAssetGroup.cs","Resolved"
"Assets/AddressableAssetsData/AssetGroups/Default Local Group.asset","c07b58d30e7b5914fb0518b3c26a1f8b","Assets/AddressableAssetsData/AddressableAssetSettings.asset","Resolved"
"Assets/AddressableAssetsData/AssetGroups/Schemas/Built In Data_PlayerDataGroupSchema.asset","731c7388c6b12db4d8f388873db18be5","Assets/AddressableAssetsData/AssetGroups/Built In Data.asset","Resolved"
"Assets/AddressableAssetsData/AssetGroups/Schemas/Built In Data_PlayerDataGroupSchema.asset","b1487f5d688e4f94f828f879d599dbdc","Library/PackageCache/com.unity.addressables@1.21.20/Editor/Settings/GroupSchemas/PlayerDataGroupSchema.cs","Resolved"
"Assets/AddressableAssetsData/AssetGroups/Schemas/Default Local Group_BundledAssetGroupSchema.asset","3ee7124a2b27fe74597233f30255ddc8","Assets/AddressableAssetsData/AssetGroups/Default Local Group.asset","Resolved"
"Assets/AddressableAssetsData/AssetGroups/Schemas/Default Local Group_BundledAssetGroupSchema.asset","e5d17a21594effb4e9591490b009e7aa","Library/PackageCache/com.unity.addressables@1.21.20/Editor/Settings/GroupSchemas/BundledAssetGroupSchema.cs","Resolved"
"Assets/AddressableAssetsData/AssetGroups/Schemas/Default Local Group_ContentUpdateGroupSchema.asset","3ee7124a2b27fe74597233f30255ddc8","Assets/AddressableAssetsData/AssetGroups/Default Local Group.asset","Resolved"
"Assets/AddressableAssetsData/AssetGroups/Schemas/Default Local Group_ContentUpdateGroupSchema.asset","5834b5087d578d24c926ce20cd31e6d6","Library/PackageCache/com.unity.addressables@1.21.20/Editor/Settings/GroupSchemas/ContentUpdateGroupSchema.cs","Resolved"
"Assets/AddressableAssetsData/AssetGroupTemplates/Packed Assets.asset","1a3c5d64ac83548c09dd1678b9f6f1cd","Library/PackageCache/com.unity.addressables@1.21.20/Editor/Settings/AddressableAssetGroupTemplate.cs","Resolved"
"Assets/AddressableAssetsData/AssetGroupTemplates/Packed Assets.asset","5834b5087d578d24c926ce20cd31e6d6","Library/PackageCache/com.unity.addressables@1.21.20/Editor/Settings/GroupSchemas/ContentUpdateGroupSchema.cs","Resolved"
"Assets/AddressableAssetsData/AssetGroupTemplates/Packed Assets.asset","c07b58d30e7b5914fb0518b3c26a1f8b","Assets/AddressableAssetsData/AddressableAssetSettings.asset","Resolved"
"Assets/AddressableAssetsData/AssetGroupTemplates/Packed Assets.asset","e5d17a21594effb4e9591490b009e7aa","Library/PackageCache/com.unity.addressables@1.21.20/Editor/Settings/GroupSchemas/BundledAssetGroupSchema.cs","Resolved"
"Assets/AddressableAssetsData/DataBuilders/BuildScriptFastMode.asset","88d21199f5d473f4db36845f2318f180","Library/PackageCache/com.unity.addressables@1.21.20/Editor/Build/DataBuilders/BuildScriptFastMode.cs","Resolved"
"Assets/AddressableAssetsData/DataBuilders/BuildScriptPackedMode.asset","3e2e0ffa088c91d41a086d0b8cb16bdc","Library/PackageCache/com.unity.addressables@1.21.20/Editor/Build/DataBuilders/BuildScriptPackedMode.cs","Resolved"
"Assets/AddressableAssetsData/DataBuilders/BuildScriptPackedPlayMode.asset","ad8c280d42ee0ed41a27db23b43dd2bf","Library/PackageCache/com.unity.addressables@1.21.20/Editor/Build/DataBuilders/BuildScriptPackedPlayMode.cs","Resolved"
"Assets/AddressableAssetsData/DataBuilders/BuildScriptVirtualMode.asset","bb0e4994b34add1409fd8ccaf4a82de5","Library/PackageCache/com.unity.addressables@1.21.20/Editor/Build/DataBuilders/BuildScriptVirtualMode.cs","Resolved"
"Assets/AddressableAssetsData/DefaultObject.asset","3a189bb168d8d90478a09ea08c2f3d72","Library/PackageCache/com.unity.addressables@1.21.20/Editor/AddressableAssetSettingsDefaultObject.cs","Resolved"
"Assets/AddressableAssetsData/ProfileDataSourceSettings.asset","7e3976da977cb49238499ea3b4c237ae","Library/PackageCache/com.unity.addressables@1.21.20/Editor/Settings/ProfileDataSourceSettings.cs","Resolved"
"Assets/HDRPDefaultResources/DefaultSettingsVolumeProfile.asset","0d7593b3a9277ac4696b20006c21dde2","","UnresolvedOrBuiltIn"
"Assets/HDRPDefaultResources/DefaultSettingsVolumeProfile.asset","2384dbf2c1c420f45a792fbc315fbfb1","","UnresolvedOrBuiltIn"
"Assets/HDRPDefaultResources/DefaultSettingsVolumeProfile.asset","24f077503be6ae942a1e1245dbd53ea9","","UnresolvedOrBuiltIn"
"Assets/HDRPDefaultResources/DefaultSettingsVolumeProfile.asset","2d08ce26990eb1a4a9177b860541e702","","UnresolvedOrBuiltIn"
"Assets/HDRPDefaultResources/DefaultSettingsVolumeProfile.asset","404820c4cf36ad944862fa59c56064f0","","UnresolvedOrBuiltIn"
"Assets/HDRPDefaultResources/DefaultSettingsVolumeProfile.asset","56b145d2b9ee1ac4f846968484e7485a","","UnresolvedOrBuiltIn"
"Assets/HDRPDefaultResources/DefaultSettingsVolumeProfile.asset","59b6606ef2548734bb6d11b9d160bc7e","","UnresolvedOrBuiltIn"
"Assets/HDRPDefaultResources/DefaultSettingsVolumeProfile.asset","7a7ff42a8c5be6646ad3975f3a54c1eb","","UnresolvedOrBuiltIn"
"Assets/HDRPDefaultResources/DefaultSettingsVolumeProfile.asset","7ddcec8a8eb2d684d833ac8f5d26aebd","","UnresolvedOrBuiltIn"
"Assets/HDRPDefaultResources/DefaultSettingsVolumeProfile.asset","8253d41e6e8b11a4cbe77a4f8f82934d","","UnresolvedOrBuiltIn"
"Assets/HDRPDefaultResources/DefaultSettingsVolumeProfile.asset","9008a067f4d626c4d8bc4bc48f04bb89","","UnresolvedOrBuiltIn"
"Assets/HDRPDefaultResources/DefaultSettingsVolumeProfile.asset","a76fd08475e21554b8f284f723dd7cf8","","UnresolvedOrBuiltIn"
"Assets/HDRPDefaultResources/DefaultSettingsVolumeProfile.asset","bcf384b154398e341b6b29969c078198","","UnresolvedOrBuiltIn"
"Assets/HDRPDefaultResources/DefaultSettingsVolumeProfile.asset","d7fd9488000d3734a9e00ee676215985","","UnresolvedOrBuiltIn"
"Assets/HDRPDefaultResources/DefaultSettingsVolumeProfile.asset","f086a068d4c5889438831b3ae9afc11c","","UnresolvedOrBuiltIn"
"Assets/HDRPDefaultResources/HDRenderPipelineAsset.asset","0cf1dab834d4ec34195b920ea7bbf9ec","","UnresolvedOrBuiltIn"
"Assets/HDRPDefaultResources/HDRenderPipelineGlobalSettings.asset","3ce144cff5783da45aa5d4fdc2da14b7","","UnresolvedOrBuiltIn"
"Assets/HDRPDefaultResources/HDRenderPipelineGlobalSettings.asset","781cc897cf8675041a751163b51f97dd","","UnresolvedOrBuiltIn"
"Assets/HDRPDefaultResources/HDRenderPipelineGlobalSettings.asset","e8d1d65d4e22e7c469b399220f88542f","Assets/HDRPDefaultResources/DefaultSettingsVolumeProfile.asset","Resolved"
"Assets/StreamingAssets/CompanyWar/Configs/CorporateCorridorTheme_Default.asset","0cb1669def5734a4a86d23eec9ab64ea","Assets/_Game/Scripts/Prototype3D/CorporateWarCorridorTheme.cs","Resolved"
"Assets/StreamingAssets/CompanyWar/Configs/VisualMapping.asset","041a7b9469b592145b0632320727c4fe","Assets/_Game/Art/Prefabs/Units/U02.prefab","Resolved"
"Assets/StreamingAssets/CompanyWar/Configs/VisualMapping.asset","0b36364c0d8c8c34a91ea39f779676fc","Assets/_Game/Art/Prefabs/Buildings/PF_E06.prefab","Resolved"
"Assets/StreamingAssets/CompanyWar/Configs/VisualMapping.asset","0f913102eb457e246b99ac01ec3e9871","Assets/_Game/Art/Prefabs/Buildings/PF_E07.prefab","Resolved"
"Assets/StreamingAssets/CompanyWar/Configs/VisualMapping.asset","1493adaf1f830864e8af4a3a43b3a985","Assets/_Game/Art/Materials/Mat_U04.mat","Resolved"
"Assets/StreamingAssets/CompanyWar/Configs/VisualMapping.asset","14f51d689950f254e914d8d1be00f365","Assets/_Game/Art/Prefabs/Models/MD_E03.prefab","Resolved"
"Assets/StreamingAssets/CompanyWar/Configs/VisualMapping.asset","16446927d982c0c49a365b924471b526","Assets/_Game/Art/Prefabs/Enemies/E02.obj","Resolved"
"Assets/StreamingAssets/CompanyWar/Configs/VisualMapping.asset","17b34ab7ec0f811408ec679715b1f948","Assets/_Game/Art/Materials/Mat_U01.mat","Resolved"
"Assets/StreamingAssets/CompanyWar/Configs/VisualMapping.asset","184cbfe1ed6d3c241b7ec9d9b5d2326d","Assets/_Game/Art/Materials/Mat_E06.mat","Resolved"
"Assets/StreamingAssets/CompanyWar/Configs/VisualMapping.asset","1f1085ead6f614f4c90d2205e9b00e82","Assets/_Game/Art/Materials/Mat_U11.mat","Resolved"
"Assets/StreamingAssets/CompanyWar/Configs/VisualMapping.asset","1fc80d9a5f036af42b534e3a925984a2","Assets/_Game/Art/Prefabs/Models/MD_E02.prefab","Resolved"
"Assets/StreamingAssets/CompanyWar/Configs/VisualMapping.asset","2147c28186a7299469433e782704d536","Assets/_Game/Art/Materials/Mat_U12.mat","Resolved"
"Assets/StreamingAssets/CompanyWar/Configs/VisualMapping.asset","238f29122c41a364eb7b3e4f655bbdbd","Assets/_Game/Art/Prefabs/Enemies/E01.obj","Resolved"
"Assets/StreamingAssets/CompanyWar/Configs/VisualMapping.asset","36538b0bee233ac4f803779abc0b3d3c","Assets/_Game/Art/Materials/Mat_E04.mat","Resolved"
"Assets/StreamingAssets/CompanyWar/Configs/VisualMapping.asset","3bde82449e8b54a4e93e4c33d51395c8","Assets/_Game/Art/Prefabs/Units/U03.prefab","Resolved"
"Assets/StreamingAssets/CompanyWar/Configs/VisualMapping.asset","404a97aaf469a1f4b9eccb0db0408214","Assets/_Game/Art/Prefabs/Units/U04.prefab","Resolved"
"Assets/StreamingAssets/CompanyWar/Configs/VisualMapping.asset","438f0d08aa1f62c4686e02c63d384a11","Assets/_Game/Art/Materials/Mat_U02.mat","Resolved"
"Assets/StreamingAssets/CompanyWar/Configs/VisualMapping.asset","48a6d779e006b0a4fa141441db99d119","Assets/_Game/Art/Materials/Mat_U05.mat","Resolved"
"Assets/StreamingAssets/CompanyWar/Configs/VisualMapping.asset","4de432e60752e664d920c0b36e935fcb","Assets/_Game/Art/Prefabs/Enemies/E03.obj","Resolved"
"Assets/StreamingAssets/CompanyWar/Configs/VisualMapping.asset","51128776420a9c14ab3de268d07a9129","Assets/_Game/Art/Prefabs/Units/U08.prefab","Resolved"
"Assets/StreamingAssets/CompanyWar/Configs/VisualMapping.asset","59ff1a66bbf66754f8613e3d8ae5f1d6","Assets/_Game/Art/Materials/Mat_E05.mat","Resolved"
"Assets/StreamingAssets/CompanyWar/Configs/VisualMapping.asset","5d8270a19d0c3ba49a2cb64251d3873f","Assets/_Game/Art/Materials/Mat_U08.mat","Resolved"
"Assets/StreamingAssets/CompanyWar/Configs/VisualMapping.asset","5fa9b6c8177baab4ab16f8559880f134","Assets/_Game/Art/Prefabs/Buildings/PF_U10.prefab","Resolved"
"Assets/StreamingAssets/CompanyWar/Configs/VisualMapping.asset","5fc5c250c14be5a459fa67e055683317","Assets/_Game/Art/Prefabs/Units/U12.prefab","Resolved"
"Assets/StreamingAssets/CompanyWar/Configs/VisualMapping.asset","61509fb255c7c9947bd3fb9f1541173d","Assets/_Game/Art/Prefabs/Enemies/E05.obj","Resolved"
"Assets/StreamingAssets/CompanyWar/Configs/VisualMapping.asset","6793e13dbe221bf429465870727968c4","Assets/_Game/Art/Materials/Mat_U03.mat","Resolved"
"Assets/StreamingAssets/CompanyWar/Configs/VisualMapping.asset","6856d3dbe057edd4f841101e4669f560","Assets/_Game/Art/Prefabs/Units/U09.prefab","Resolved"
"Assets/StreamingAssets/CompanyWar/Configs/VisualMapping.asset","73e65bf99733ab54ebbdacf1938482a6","Assets/_Game/Art/Materials/Mat_E07.mat","Resolved"
"Assets/StreamingAssets/CompanyWar/Configs/VisualMapping.asset","7552d5651be231e4282c60170d3b8b34","Assets/_Game/Art/Prefabs/Buildings/PF_U11.prefab","Resolved"
"Assets/StreamingAssets/CompanyWar/Configs/VisualMapping.asset","85540dee2058a6b4ca805ee4e0eb431c","Assets/_Game/Art/Prefabs/Units/U01.prefab","Resolved"
"Assets/StreamingAssets/CompanyWar/Configs/VisualMapping.asset","8c1a7fe369f961a43b51567cfb27efc8","Assets/_Game/Art/Prefabs/Units/U05.prefab","Resolved"
"Assets/StreamingAssets/CompanyWar/Configs/VisualMapping.asset","a02ab2a46dbda324787c61219448e704","Assets/_Game/Art/Prefabs/Units/U07.prefab","Resolved"
"Assets/StreamingAssets/CompanyWar/Configs/VisualMapping.asset","a326d73ee601f3946ab28f97c0edc432","Assets/_Game/Art/Materials/Mat_E01.mat","Resolved"
"Assets/StreamingAssets/CompanyWar/Configs/VisualMapping.asset","b90d41f36eabe7548aa88b2adee64dd9","Assets/_Game/Art/Materials/Mat_E02.mat","Resolved"
"Assets/StreamingAssets/CompanyWar/Configs/VisualMapping.asset","bac1006a7a3b30d4580c7d8511aa5d7d","Assets/_Game/Art/Materials/Mat_E03.mat","Resolved"
"Assets/StreamingAssets/CompanyWar/Configs/VisualMapping.asset","bbf650704adc8aa40bbd817142700a02","Assets/_Game/Art/Materials/Mat_U07.mat","Resolved"
"Assets/StreamingAssets/CompanyWar/Configs/VisualMapping.asset","bc765693cb391a7419b858f5ea45e5ad","Assets/_Game/Art/Prefabs/Models/MD_E04.prefab","Resolved"
"Assets/StreamingAssets/CompanyWar/Configs/VisualMapping.asset","c79bbd430b512e940ab1bec2db54b6a7","Assets/_Game/Art/Prefabs/Models/MD_E05.prefab","Resolved"
"Assets/StreamingAssets/CompanyWar/Configs/VisualMapping.asset","c87db290d469c17448d971b119cc58bb","Assets/_Game/Art/Prefabs/Units/U06.prefab","Resolved"
"Assets/StreamingAssets/CompanyWar/Configs/VisualMapping.asset","d191714826e7cfd4ea54b1c71a144c74","Assets/_Game/Art/Materials/Mat_U09.mat","Resolved"
"Assets/StreamingAssets/CompanyWar/Configs/VisualMapping.asset","d8f8773c839b51a47a9efdcaed2abd5e","Assets/_Game/Art/Materials/Mat_U10.mat","Resolved"
"Assets/StreamingAssets/CompanyWar/Configs/VisualMapping.asset","dc3d22b191ddab443b0cd95c95142cb9","Assets/_Game/Art/Prefabs/Models/MD_E01.prefab","Resolved"
"Assets/StreamingAssets/CompanyWar/Configs/VisualMapping.asset","df1b59c671db8b745a601fb51e5bec31","Assets/_Game/Art/Prefabs/Enemies/E04.obj","Resolved"
"Assets/StreamingAssets/CompanyWar/Configs/VisualMapping.asset","e4e65e1ec4a34c068baf55ae0319f61c","Assets/_Game/Scripts/Configs/VisualMapping.cs","Resolved"
"Assets/StreamingAssets/CompanyWar/Configs/VisualMapping.asset","fb0604fa3d16917498aeb02a486307d1","Assets/_Game/Art/Materials/Mat_U06.mat","Resolved"
"Assets/TextMesh Pro/Resources/Fonts & Materials/LiberationSans SDF - Drop Shadow.mat","8f586378b4e144a9851e7b34d9b748ee","Assets/TextMesh Pro/Resources/Fonts & Materials/LiberationSans SDF.asset","Resolved"
"Assets/TextMesh Pro/Resources/Fonts & Materials/LiberationSans SDF - Drop Shadow.mat","fe393ace9b354375a9cb14cdbbc28be4","Assets/TextMesh Pro/Shaders/TMP_SDF-Mobile.shader","Resolved"
"Assets/TextMesh Pro/Resources/Fonts & Materials/LiberationSans SDF - Fallback.asset","71c1514a6bd24e1e882cebbe1904ce04","Library/PackageCache/com.unity.textmeshpro@3.0.6/Scripts/Runtime/TMP_FontAsset.cs","Resolved"
"Assets/TextMesh Pro/Resources/Fonts & Materials/LiberationSans SDF - Fallback.asset","e3265ab4bf004d28a9537516768c1c75","Assets/TextMesh Pro/Fonts/LiberationSans.ttf","Resolved"
"Assets/TextMesh Pro/Resources/Fonts & Materials/LiberationSans SDF - Fallback.asset","fe393ace9b354375a9cb14cdbbc28be4","Assets/TextMesh Pro/Shaders/TMP_SDF-Mobile.shader","Resolved"
"Assets/TextMesh Pro/Resources/Fonts & Materials/LiberationSans SDF - Outline.mat","8f586378b4e144a9851e7b34d9b748ee","Assets/TextMesh Pro/Resources/Fonts & Materials/LiberationSans SDF.asset","Resolved"
"Assets/TextMesh Pro/Resources/Fonts & Materials/LiberationSans SDF - Outline.mat","fe393ace9b354375a9cb14cdbbc28be4","Assets/TextMesh Pro/Shaders/TMP_SDF-Mobile.shader","Resolved"
"Assets/TextMesh Pro/Resources/Fonts & Materials/LiberationSans SDF.asset","2e498d1c8094910479dc3e1b768306a4","Assets/TextMesh Pro/Resources/Fonts & Materials/LiberationSans SDF - Fallback.asset","Resolved"
"Assets/TextMesh Pro/Resources/Fonts & Materials/LiberationSans SDF.asset","71c1514a6bd24e1e882cebbe1904ce04","Library/PackageCache/com.unity.textmeshpro@3.0.6/Scripts/Runtime/TMP_FontAsset.cs","Resolved"
"Assets/TextMesh Pro/Resources/Fonts & Materials/LiberationSans SDF.asset","e3265ab4bf004d28a9537516768c1c75","Assets/TextMesh Pro/Fonts/LiberationSans.ttf","Resolved"
"Assets/TextMesh Pro/Resources/Fonts & Materials/LiberationSans SDF.asset","fe393ace9b354375a9cb14cdbbc28be4","Assets/TextMesh Pro/Shaders/TMP_SDF-Mobile.shader","Resolved"
"Assets/TextMesh Pro/Resources/Sprite Assets/EmojiOne.asset","84a92b25f83d49b9bc132d206b370281","Library/PackageCache/com.unity.textmeshpro@3.0.6/Scripts/Runtime/TMP_SpriteAsset.cs","Resolved"
"Assets/TextMesh Pro/Resources/Sprite Assets/EmojiOne.asset","cf81c85f95fe47e1a27f6ae460cf182c","Assets/TextMesh Pro/Shaders/TMP_Sprite.shader","Resolved"
"Assets/TextMesh Pro/Resources/Sprite Assets/EmojiOne.asset","dffef66376be4fa480fb02b19edbe903","Assets/TextMesh Pro/Sprites/EmojiOne.png","Resolved"
"Assets/TextMesh Pro/Resources/Style Sheets/Default Style Sheet.asset","ab2114bdc8544297b417dfefe9f1e410","Library/PackageCache/com.unity.textmeshpro@3.0.6/Scripts/Runtime/TMP_StyleSheet.cs","Resolved"
"Assets/TextMesh Pro/Resources/TMP Settings.asset","18b6fa968446e1d4a9241d201d4366f1","Assets/_Game/Art/Fonts/Default SDF.asset","Resolved"
"Assets/TextMesh Pro/Resources/TMP Settings.asset","2705215ac5b84b70bacc50632be6e391","Library/PackageCache/com.unity.textmeshpro@3.0.6/Scripts/Runtime/TMP_Settings.cs","Resolved"
"Assets/TextMesh Pro/Resources/TMP Settings.asset","c41005c129ba4d66911b75229fd70b45","Assets/TextMesh Pro/Resources/Sprite Assets/EmojiOne.asset","Resolved"
"Assets/TextMesh Pro/Resources/TMP Settings.asset","d82c1b31c7e74239bff1220585707d2b","Assets/TextMesh Pro/Resources/LineBreaking Leading Characters.txt","Resolved"
"Assets/TextMesh Pro/Resources/TMP Settings.asset","f952c082cb03451daed3ee968ac6c63e","Assets/TextMesh Pro/Resources/Style Sheets/Default Style Sheet.asset","Resolved"
"Assets/TextMesh Pro/Resources/TMP Settings.asset","fade42e8bc714b018fac513c043d323b","Assets/TextMesh Pro/Resources/LineBreaking Following Characters.txt","Resolved"
