"File","SHA256"
"u25.fbx","bbcc6f626c1ec3bc93ea43f8681be68e24ee3ffe3d472fd11f4d0f0fee09f6f9"
"u25.fbx.meta","a77d96934086fe045695ddb08ecca522f2cad52b5c5b2a6623da1d29f9b53f08"
"u26.fbx","065a360c20490a68fa008df3d2f4f1841398c5590b07bf750595b230f3f58ca8"
"u26.fbx.meta","5e4e37649b575206fadaccafe37becf7a40aad4595604287e96e13c107b452a8"
"u27.fbx","eb51956a7a4327e7102f3556fa121e0981e16e589ca5e5b534d7ea761a28f6bb"
"u27.fbx.meta","8d1c923e09ca02f6a7b83c20b640ead52cf95547f9dc7bef44d062e9767d7f35"
"u28.fbx","1bcb24c68dab8e4ffefd0e5e54a0dcb67449cdf33a347e9787c7634a9119d248"
"u28.fbx.meta","3bda718e262b6d4216669eabfccbecc0dea8c8a6c0d59fb96a1e075f4015238d"
"u29.fbx","1ced3bd0a7fc26c05cf08a84d9738684af8c127f2bc72ecd8157dba39035c0c6"
"u29.fbx.meta","1248358d39f512a9c629a4ed92214fac7ec1d4c35c34a91c2f064c2d59222dbe"
"u30.fbx","b2e825435e3f713eb6f482a8b534898027b54733d93c84ad291956ff3e2a8bbd"
"u30.fbx.meta","c3eafb5285a33b72c87d46860520b07ce91fe06280cc5709e85d4604d4e163de"
"u31fbx.fbx","d93e43f8cea6934351e86f6c639c2ebe7d0138a71e033ff3be0184a371ed1cb6"
"u31fbx.fbx.meta","86744fe3c34b8b0ccbc7173253920d9771fb56381e126451b4aca1cd8e332593"
"u32.fbx","7ac2093a1b8d59026df44e7b31dea9cc24e3b25aa7940ab887c9e5f8ddfe5c71"
"u32.fbx.meta","311a367c4ba2f9311ed0d9f4124845b9ce433eb52b6e7401a38410c00666525c"
"u33.fbx","30613d62c2d0bd9981f8ca66ecc8fd9f6eb2fc215f0cec766a321c45f2dd63fd"
"u33.fbx.meta","34d44bdd082a2dcbc95276edd141940a8dede1ef35981729b92346355bbb5787"
"u34.fbx","c05fb429302dfff9ad09997c42bb82e684a4584a9c5a84b845a8fefa982ed466"
"u34.fbx.meta","29bac200a517aefddab17b62b98fc8b5750e777cde5abbd051db5bc75e42ab33"
"u35.fbx","8506755bf6204e5128e9f6d304d2dcb6dfda14d1b11c22633c2d4fd7cc1b10da"
"u35.fbx.meta","0a7f53d294e8de04a6c013bb14639968fd7621431364798c33415fd460df30de"
"u36.fbx","056b08a585a97610b0fa6ccbdc974c46ea7e56bc8de7b8f18f276c49ee5cf1c5"
"u36.fbx.meta","809d571896ecb568a49a64291a219d0f9f011fa7c612b7b6cbe9c61d59c609df"
