"SourcePath","SourceGuid","TargetPath","AssetKind","Status","SourceSHA256"
"Assets/_Game/Art/Fonts/Default SDF.asset","18b6fa968446e1d4a9241d201d4366f1","Assets/CompanyWarRE/Resources/CowLegacy/_Game/Art/Fonts/Default SDF.asset","Dependency","CopiedWithMeta","70f2c5e66e759f7240c14da7f1b7b5db52ccbd0dc16ab394e687cef442fd89d5"
"Assets/_Game/Art/Fonts/Default.ttf","40552c6c6b56118409f41b5054cfdb44","Assets/CompanyWarRE/Resources/CowLegacy/_Game/Art/Fonts/Default.ttf","Dependency","CopiedWithMeta","096544754b0957f19c2b58041448a9f4215156de7e14c2a9d03a37f40f45fc98"
"Assets/_Game/Art/Materials/Mat_E01.mat","a326d73ee601f3946ab28f97c0edc432","Assets/CompanyWarRE/Content/Materials/Mat_E01.mat","Dependency","ExistingGuidReused","313eb1cfd3a4b96e1d52c0874ce5f8a596504ca0d76ce640a850dd4985bb28e8"
"Assets/_Game/Art/Materials/Mat_E02.mat","b90d41f36eabe7548aa88b2adee64dd9","Assets/CompanyWarRE/Resources/CowLegacy/_Game/Art/Materials/Mat_E02.mat","Dependency","CopiedWithMeta","ebf288c6fae697b65c753d694725ddfe7a4f14964e597ef1e583a1b13b5e2670"
"Assets/_Game/Art/Materials/Mat_E03.mat","bac1006a7a3b30d4580c7d8511aa5d7d","Assets/CompanyWarRE/Resources/CowLegacy/_Game/Art/Materials/Mat_E03.mat","Dependency","CopiedWithMeta","20f3f0aafe9f6699989e8a69550cd4762ec4911a076fcfc72c8e48356ba52f74"
"Assets/_Game/Art/Materials/Mat_E04.mat","36538b0bee233ac4f803779abc0b3d3c","Assets/CompanyWarRE/Resources/CowLegacy/_Game/Art/Materials/Mat_E04.mat","Dependency","CopiedWithMeta","252e6e8afe24ef1fa542bbc5749ddb61d8cb306e6143e5fba10d9e7974383406"
"Assets/_Game/Art/Materials/Mat_E05.mat","59ff1a66bbf66754f8613e3d8ae5f1d6","Assets/CompanyWarRE/Resources/CowLegacy/_Game/Art/Materials/Mat_E05.mat","Dependency","CopiedWithMeta","4ab53f910b4eb69128312db0ca890baef64df81d59ed163c82fc8a7f841f5ace"
"Assets/_Game/Art/Materials/Mat_E06.mat","184cbfe1ed6d3c241b7ec9d9b5d2326d","Assets/CompanyWarRE/Content/Materials/Mat_E06.mat","Dependency","ExistingGuidReused","9a315c04911f90a2f0b4ab7d7f8dce09e8a1e851c674bcb83083e3e5be469ee2"
"Assets/_Game/Art/Materials/Mat_E07.mat","73e65bf99733ab54ebbdacf1938482a6","Assets/CompanyWarRE/Content/Materials/Mat_E07.mat","Dependency","ExistingGuidReused","8b77a2bc9ddcab394d1035115bead8cb67b023225accc0d83b18d604b0174615"
"Assets/_Game/Art/Materials/Mat_E08.mat","55741e45fc3691847a2f45b30ef5a003","Assets/CompanyWarRE/Resources/CowLegacy/_Game/Art/Materials/Mat_E08.mat","Dependency","CopiedWithMeta","5d01399a8a1fe794371be9472eef57259fedcb313e57cee18b772cf17b1ff599"
"Assets/_Game/Art/Materials/Mat_E09.mat","d1529e003ebb68b4a8fddc9445891703","Assets/CompanyWarRE/Resources/CowLegacy/_Game/Art/Materials/Mat_E09.mat","Dependency","CopiedWithMeta","2b8a64b3a0e9e1aab148f2ab6ceb028e322807073c87ec4d98101444baa03c70"
"Assets/_Game/Art/Materials/Mat_E10.mat","946a34b62259c4b4ca04041892ffa3d4","Assets/CompanyWarRE/Resources/CowLegacy/_Game/Art/Materials/Mat_E10.mat","Dependency","CopiedWithMeta","344db7b9c33dd2a21b3a87dac3f0177093a5aa0bce23e706846b9dd86303ee8f"
"Assets/_Game/Art/Materials/Mat_E11.mat","e57af6a74927ea84a9adc614cb2c3735","Assets/CompanyWarRE/Resources/CowLegacy/_Game/Art/Materials/Mat_E11.mat","Dependency","CopiedWithMeta","b970b8665078a748da49c7f98200424bb08d9d5fc2989484d27dbde7bca0fb1c"
"Assets/_Game/Art/Materials/Mat_E12.mat","a86202c880d3fba4fa27159ebf1b7490","Assets/CompanyWarRE/Resources/CowLegacy/_Game/Art/Materials/Mat_E12.mat","Dependency","CopiedWithMeta","df2517e7c911b23e7e2821057cfd7661bbd779a57f46d5356aa81ee9e3cce53e"
"Assets/_Game/Art/Materials/Mat_E13.mat","b58db6350087459478242d652c66a163","Assets/CompanyWarRE/Resources/CowLegacy/_Game/Art/Materials/Mat_E13.mat","Dependency","CopiedWithMeta","ff3e9cc42208fe02045beaaaba305db6274f174a5863d3f9cb92fbb289db13e8"
"Assets/_Game/Art/Materials/Mat_E14.mat","aaca0c6455e6e3444ad38b6412489284","Assets/CompanyWarRE/Resources/CowLegacy/_Game/Art/Materials/Mat_E14.mat","Dependency","CopiedWithMeta","0d7c338e91472e82c566a2e9c870b13b287109788d2dd7ef240290e700a9ac69"
"Assets/_Game/Art/Materials/Mat_E15.mat","06918f90dbd0876479cfb590c588234a","Assets/CompanyWarRE/Resources/CowLegacy/_Game/Art/Materials/Mat_E15.mat","Dependency","CopiedWithMeta","bf3544f4df8953e283710539b4c30e83269cf4175fdf67a2f93f03a53e0d9398"
"Assets/_Game/Art/Materials/Mat_U01.mat","17b34ab7ec0f811408ec679715b1f948","Assets/CompanyWarRE/Content/Materials/Mat_U01.mat","Dependency","ExistingGuidReused","f0ac883518ebdfaa3a36b9680f369b1c0cd4cead02a31b546b36b294cdac0087"
"Assets/_Game/Art/Materials/Mat_U02.mat","438f0d08aa1f62c4686e02c63d384a11","Assets/CompanyWarRE/Resources/CowLegacy/_Game/Art/Materials/Mat_U02.mat","Dependency","CopiedWithMeta","282883593d6d46b9462a28730944da5ab40b312290a961936b77022723269b98"
"Assets/_Game/Art/Materials/Mat_U03.mat","6793e13dbe221bf429465870727968c4","Assets/CompanyWarRE/Resources/CowLegacy/_Game/Art/Materials/Mat_U03.mat","Dependency","CopiedWithMeta","b8e59430fd40f6e91ec99acd0ab26a469f5183c68e59e70400f49f916bd806db"
"Assets/_Game/Art/Materials/Mat_U04.mat","1493adaf1f830864e8af4a3a43b3a985","Assets/CompanyWarRE/Resources/CowLegacy/_Game/Art/Materials/Mat_U04.mat","Dependency","CopiedWithMeta","95f07e4f660fe5bb1e2e78cc4fe650f2723b9e13483c72b686a6fe5d1e7a7c54"
"Assets/_Game/Art/Materials/Mat_U05.mat","48a6d779e006b0a4fa141441db99d119","Assets/CompanyWarRE/Resources/CowLegacy/_Game/Art/Materials/Mat_U05.mat","Dependency","CopiedWithMeta","e9aea11f040e1f29097b0504cc291fa32fb31728574daf72eedc46c86b3462ab"
"Assets/_Game/Art/Materials/Mat_U06.mat","fb0604fa3d16917498aeb02a486307d1","Assets/CompanyWarRE/Resources/CowLegacy/_Game/Art/Materials/Mat_U06.mat","Dependency","CopiedWithMeta","fc4117d776e9de3e1853f805399102c19d4ec5e4bb7dc4b6ffdaf6694e63911a"
"Assets/_Game/Art/Materials/Mat_U07.mat","bbf650704adc8aa40bbd817142700a02","Assets/CompanyWarRE/Resources/CowLegacy/_Game/Art/Materials/Mat_U07.mat","Dependency","CopiedWithMeta","debb453d1fe4c3e4af599f5dbec33bff9a1d612b10128c8900ac536c4e4bb0c7"
"Assets/_Game/Art/Materials/Mat_U08.mat","5d8270a19d0c3ba49a2cb64251d3873f","Assets/CompanyWarRE/Resources/CowLegacy/_Game/Art/Materials/Mat_U08.mat","Dependency","CopiedWithMeta","67c4f91e648c02530369e62c21dd3fa0165e7851da3af36b3e4a7913366b37a6"
"Assets/_Game/Art/Materials/Mat_U09.mat","d191714826e7cfd4ea54b1c71a144c74","Assets/CompanyWarRE/Resources/CowLegacy/_Game/Art/Materials/Mat_U09.mat","Dependency","CopiedWithMeta","9ff0f067b12f15e3d01d6f3388c9433bd219792204caaf44f2e124a85809145a"
"Assets/_Game/Art/Materials/Mat_U10.mat","d8f8773c839b51a47a9efdcaed2abd5e","Assets/CompanyWarRE/Resources/CowLegacy/_Game/Art/Materials/Mat_U10.mat","Dependency","CopiedWithMeta","c3c7db28ca86a5aea844152049fef36dc7c85e82a0a2a5127e7d21c073053347"
"Assets/_Game/Art/Materials/Mat_U11.mat","1f1085ead6f614f4c90d2205e9b00e82","Assets/CompanyWarRE/Resources/CowLegacy/_Game/Art/Materials/Mat_U11.mat","Dependency","CopiedWithMeta","31e2e3ffc62b91e40be7b7746dcf62324e50d5b04344beed084e879dedaad5d4"
"Assets/_Game/Art/Materials/Mat_U12.mat","2147c28186a7299469433e782704d536","Assets/CompanyWarRE/Resources/CowLegacy/_Game/Art/Materials/Mat_U12.mat","Dependency","CopiedWithMeta","0f4cdae42d745258cfc0518e30effe4a64d2b7cb7e1cc30742fcc3590f3d1d0e"
"Assets/_Game/Art/Materials/Mat_U13.mat","827d6fbfd139a1e4b96b0f5514d1182a","Assets/CompanyWarRE/Resources/CowLegacy/_Game/Art/Materials/Mat_U13.mat","Dependency","CopiedWithMeta","65dbd30c6e36697155503a69595ef4a4d2e35d6edf3e46591e2edfcbeb866bf5"
"Assets/_Game/Art/Materials/Mat_U15.mat","1f992d9977143f84fb2b093383f76dbc","Assets/CompanyWarRE/Resources/CowLegacy/_Game/Art/Materials/Mat_U15.mat","Dependency","CopiedWithMeta","82496b8ec2e47888ccd954b5a9467045b75e3c953f047a967688dba8ee7af981"
"Assets/_Game/Art/Materials/Mat_U16.mat","cf1fbe87ebc762e4494c700b2da97c90","Assets/CompanyWarRE/Resources/CowLegacy/_Game/Art/Materials/Mat_U16.mat","Dependency","CopiedWithMeta","6b254198e06e748bff8fa83176ea453707efcab36cb0213bd456fec089b6e7e7"
"Assets/_Game/Art/Materials/Mat_U17.mat","7eecd33d48a0c3c45948b75a96738957","Assets/CompanyWarRE/Resources/CowLegacy/_Game/Art/Materials/Mat_U17.mat","Dependency","CopiedWithMeta","ff729b8450c31548b157ccb74ea6c51a5b62fb127ef07ffd95cb782163cf2d06"
"Assets/_Game/Art/Materials/Mat_U18.mat","650ebd669a825974fb456ee5c5558696","Assets/CompanyWarRE/Resources/CowLegacy/_Game/Art/Materials/Mat_U18.mat","Dependency","CopiedWithMeta","1b20172e65c3d439a730de013683dd8df7e71cf56b8021f2a36a6648e1154808"
"Assets/_Game/Art/Materials/Mat_U19.mat","476ab43df98a3c745976b25fc66c2bd6","Assets/CompanyWarRE/Resources/CowLegacy/_Game/Art/Materials/Mat_U19.mat","Dependency","CopiedWithMeta","227eea49cfc1d883b5c80a0ccb8ff31a460f9345e9dcba6deb6304d7acedc90e"
"Assets/_Game/Art/Materials/Mat_U20.mat","1d59cd44ecfa9df4fadbd3f0f8a5ff35","Assets/CompanyWarRE/Resources/CowLegacy/_Game/Art/Materials/Mat_U20.mat","Dependency","CopiedWithMeta","3077dfacdb169a426fcf5a1f7d9ac3bf5ba24397fb1b8eda91bb1aaea31a5a31"
"Assets/_Game/Art/Materials/Mat_U21.mat","909c865c9a68d5148b4b1ad1568abec4","Assets/CompanyWarRE/Resources/CowLegacy/_Game/Art/Materials/Mat_U21.mat","Dependency","CopiedWithMeta","e353c3cb014a708b6a8e4d3bcd59d398a4fe1cdd6a6a51545d8b26df0456327a"
"Assets/_Game/Art/Materials/Mat_U22.mat","c8e79dc34b988ee4e81125ff5822bc2a","Assets/CompanyWarRE/Resources/CowLegacy/_Game/Art/Materials/Mat_U22.mat","Dependency","CopiedWithMeta","72db80c950dec438044dcb07e71654eb85615517ff4a93b72d2fe58b928c9915"
"Assets/_Game/Art/Materials/Mat_U23.mat","b75c2872c5e06234dafa2a8bcacb768b","Assets/CompanyWarRE/Resources/CowLegacy/_Game/Art/Materials/Mat_U23.mat","Dependency","CopiedWithMeta","f0de7b0c071f0953fe0b09ce8682bce4d9ed9bf0c7b1e8e5672e8a5a1172caf6"
"Assets/_Game/Art/Materials/Mat_U24.mat","b42cfda76b577b945a64ff70ab963ba5","Assets/CompanyWarRE/Resources/CowLegacy/_Game/Art/Materials/Mat_U24.mat","Dependency","CopiedWithMeta","9d5da7ace94887309b26198bd9698b952ee119566566cb56c564f2fabe328923"
"Assets/_Game/Art/Prefabs/Buildings/PF_E06.prefab","0b36364c0d8c8c34a91ea39f779676fc","Assets/CompanyWarRE/Content/Prefabs/Buildings/PF_E06.prefab","Prefab","ExistingGuidReused","15e22caa920b1567b5287ac4003d6795202f54908168f70028283b69d8d139cb"
"Assets/_Game/Art/Prefabs/Buildings/PF_E07.prefab","0f913102eb457e246b99ac01ec3e9871","Assets/CompanyWarRE/Content/Prefabs/Buildings/PF_E07.prefab","Prefab","ExistingGuidReused","871e3c65709237c520e686abd8e64473475ae8f0cab860040464a639134de66f"
"Assets/_Game/Art/Prefabs/Buildings/PF_E12.prefab","fab33d89383fd1c4b8efda8342a40c0d","Assets/CompanyWarRE/Resources/CowLegacy/_Game/Art/Prefabs/Buildings/PF_E12.prefab","Prefab","CopiedWithMeta","24b6f930db3008a3548202cc51255d17f673b41387829d98d41fe246558102e8"
"Assets/_Game/Art/Prefabs/Buildings/PF_E13.prefab","6c39343024583ed40bd086fabae27a4a","Assets/CompanyWarRE/Resources/CowLegacy/_Game/Art/Prefabs/Buildings/PF_E13.prefab","Prefab","CopiedWithMeta","3eff0289ea1b3c6ab6ee05d6c39b0dd1326e2a41b858d4983c0c3287ce0320c4"
"Assets/_Game/Art/Prefabs/Buildings/PF_E14.prefab","4a461845f45e66045bc08178c5e36df1","Assets/CompanyWarRE/Resources/CowLegacy/_Game/Art/Prefabs/Buildings/PF_E14.prefab","Prefab","CopiedWithMeta","6e2eecad960039d0d6355396ccd94edd894ded7af80fe425df5aac5c34074c8d"
"Assets/_Game/Art/Prefabs/Buildings/PF_E15.prefab","97caf04fd249b9c4da40585470779da8","Assets/CompanyWarRE/Resources/CowLegacy/_Game/Art/Prefabs/Buildings/PF_E15.prefab","Prefab","CopiedWithMeta","faabe335d3560feefb1d5ff84fc125c9c85ed0bde861b88a4fde27afc9cc64d2"
"Assets/_Game/Art/Prefabs/Buildings/PF_U08.prefab","ee7ac5a833270d446ae6c3787e444708","Assets/CompanyWarRE/Resources/CowLegacy/_Game/Art/Prefabs/Buildings/PF_U08.prefab","Prefab","CopiedWithMeta","74f0828808da8956b1bd69ff2cb23d13634b13560e2f83e1f4379a3976e1beff"
"Assets/_Game/Art/Prefabs/Buildings/PF_U09.prefab","6845248e04083fd42b808f80be8c3fe3","Assets/CompanyWarRE/Resources/CowLegacy/_Game/Art/Prefabs/Buildings/PF_U09.prefab","Prefab","CopiedWithMeta","7aa1a5052a4444ad445014ee833839c269204358e1de4637f02e6f96021a9339"
"Assets/_Game/Art/Prefabs/Buildings/PF_U10.prefab","5fa9b6c8177baab4ab16f8559880f134","Assets/CompanyWarRE/Resources/CowLegacy/_Game/Art/Prefabs/Buildings/PF_U10.prefab","Prefab","CopiedWithMeta","f345c124eff187e964bd832a78724eba815fc9303780f5414546ec992f352992"
"Assets/_Game/Art/Prefabs/Buildings/PF_U11.prefab","7552d5651be231e4282c60170d3b8b34","Assets/CompanyWarRE/Resources/CowLegacy/_Game/Art/Prefabs/Buildings/PF_U11.prefab","Prefab","CopiedWithMeta","d64a8922dabdbf5f5ce305a3041bbd3cdd0811166e8c37862dee409b3da47cca"
"Assets/_Game/Art/Prefabs/Buildings/PF_U21.prefab","236de9af2145e5b4592c70791efeda84","Assets/CompanyWarRE/Resources/CowLegacy/_Game/Art/Prefabs/Buildings/PF_U21.prefab","Prefab","CopiedWithMeta","935450296180732b1fba4bea37672082cfc4bef0012d97f4a8a0343d19c828a5"
"Assets/_Game/Art/Prefabs/Enemies/PF_E01.prefab","88b3bd44a9baaa14ca68d58fcfc8b60f","Assets/CompanyWarRE/Content/Prefabs/Enemies/PF_E01.prefab","Prefab","ExistingGuidReused","f49c5e157b5ca19fd371a9a9942c11adb23afada8bcc1f73b7d2d0363fbbb594"
"Assets/_Game/Art/Prefabs/Enemies/PF_E02.prefab","dae81429396409043816f2d34ff07cdf","Assets/CompanyWarRE/Resources/CowLegacy/_Game/Art/Prefabs/Enemies/PF_E02.prefab","Prefab","CopiedWithMeta","9cd113aca612cf549d120525bb31b0a6cb9581f647c43dbea74389a3ecd0be2d"
"Assets/_Game/Art/Prefabs/Enemies/PF_E03.prefab","0ff406a69ad88384f97d90bd557c387c","Assets/CompanyWarRE/Resources/CowLegacy/_Game/Art/Prefabs/Enemies/PF_E03.prefab","Prefab","CopiedWithMeta","8445ad38d26ede0ccadd58ad264d3fe2fe7a9e5c2420b25d1fd67d080ecbe33d"
"Assets/_Game/Art/Prefabs/Enemies/PF_E04.prefab","71fc9b2cac606a145a8f63e936bde192","Assets/CompanyWarRE/Resources/CowLegacy/_Game/Art/Prefabs/Enemies/PF_E04.prefab","Prefab","CopiedWithMeta","fdad59d77dfc939376d4b4f69b853baca3e5bb9ee07afd6073b2fec7e44a5ee7"
"Assets/_Game/Art/Prefabs/Enemies/PF_E05.prefab","7f411aff47408564188324ba1c5f5f53","Assets/CompanyWarRE/Resources/CowLegacy/_Game/Art/Prefabs/Enemies/PF_E05.prefab","Prefab","CopiedWithMeta","f289718c7bf2bbfc3905991e148b8bbdb0da8c8f1c997401e114db73a6a64dd4"
"Assets/_Game/Art/Prefabs/Enemies/PF_E08.prefab","a30b0e5f800c77047b39e11529caf6dd","Assets/CompanyWarRE/Resources/CowLegacy/_Game/Art/Prefabs/Enemies/PF_E08.prefab","Prefab","CopiedWithMeta","d66ae4e2a7293bd6514220ae1d87ea478c98d09247fc706bcf0f8817aa32aada"
"Assets/_Game/Art/Prefabs/Enemies/PF_E09.prefab","82c29e4c01003c649ada293f8ccddc1a","Assets/CompanyWarRE/Resources/CowLegacy/_Game/Art/Prefabs/Enemies/PF_E09.prefab","Prefab","CopiedWithMeta","570f210880d7a9cfa4b04c2aaf2f73f3602a862abae9290a2c09214dbf138bd1"
"Assets/_Game/Art/Prefabs/Enemies/PF_E10.prefab","1d3986cff5422af42ba543fd066abeb2","Assets/CompanyWarRE/Resources/CowLegacy/_Game/Art/Prefabs/Enemies/PF_E10.prefab","Prefab","CopiedWithMeta","bb72350681b78d6c97ca6d996f21cf1e8789ad9edd21477f1a236f1c83cb16f0"
"Assets/_Game/Art/Prefabs/Enemies/PF_E11.prefab","540218c52e8521e4bae575d475b35c96","Assets/CompanyWarRE/Resources/CowLegacy/_Game/Art/Prefabs/Enemies/PF_E11.prefab","Prefab","CopiedWithMeta","5c530a8cb0e94272139cbcbdeae8059d071d284d68f747dd1d6c8b649c6c03f4"
"Assets/_Game/Art/Prefabs/Models/MD_E01.prefab","dc3d22b191ddab443b0cd95c95142cb9","Assets/CompanyWarRE/Resources/CowLegacy/_Game/Art/Prefabs/Models/MD_E01.prefab","Prefab","CopiedWithMeta","f1863d304d2427c95395baffc6574ed894bb27231bd208a7634d922113db9439"
"Assets/_Game/Art/Prefabs/Models/MD_E02.prefab","1fc80d9a5f036af42b534e3a925984a2","Assets/CompanyWarRE/Resources/CowLegacy/_Game/Art/Prefabs/Models/MD_E02.prefab","Prefab","CopiedWithMeta","d987b7556c29d7eb6ee26ceeefe4d292c6c8aaa76e481d732cb26f167c17a047"
"Assets/_Game/Art/Prefabs/Models/MD_E03.prefab","14f51d689950f254e914d8d1be00f365","Assets/CompanyWarRE/Resources/CowLegacy/_Game/Art/Prefabs/Models/MD_E03.prefab","Prefab","CopiedWithMeta","ad5cf40d1b6a9673a0aca0bd9093a94a947bfc5b6c5d13984eda756ea0e667bc"
"Assets/_Game/Art/Prefabs/Models/MD_E04.prefab","bc765693cb391a7419b858f5ea45e5ad","Assets/CompanyWarRE/Resources/CowLegacy/_Game/Art/Prefabs/Models/MD_E04.prefab","Prefab","CopiedWithMeta","67b3815072884b1da44eeb84aab8c534869a2cf9b917aec75c95c680d7d99bca"
"Assets/_Game/Art/Prefabs/Models/MD_E05.prefab","c79bbd430b512e940ab1bec2db54b6a7","Assets/CompanyWarRE/Resources/CowLegacy/_Game/Art/Prefabs/Models/MD_E05.prefab","Prefab","CopiedWithMeta","6719ba46566a56a5b1940a02cf30b3d35007965829e90a8dcc50b28015589785"
"Assets/_Game/Art/Prefabs/Models/MD_E06.prefab","cb2e329c20f15cc48b2fa573e4801b96","Assets/CompanyWarRE/Resources/CowLegacy/_Game/Art/Prefabs/Models/MD_E06.prefab","Prefab","CopiedWithMeta","2feb2110fb83eef4386631ca560f8a00660ffa4096a166b647c8203adcb81c6b"
"Assets/_Game/Art/Prefabs/Models/MD_E07.prefab","1670aa4d848868b49a7f53192d5b603a","Assets/CompanyWarRE/Resources/CowLegacy/_Game/Art/Prefabs/Models/MD_E07.prefab","Prefab","CopiedWithMeta","b140aedea643627861562632d71367126b73f834a037fa612e72c9c05dddbe41"
"Assets/_Game/Art/Prefabs/Models/MD_U01.prefab","d9a627f8b688dd040bb92da6d28e73af","Assets/CompanyWarRE/Resources/CowLegacy/_Game/Art/Prefabs/Models/MD_U01.prefab","Prefab","CopiedWithMeta","36c32f67d5b1a38a3d4e0d6f4a229d8c54c854a121ad43e068a87f04bf09a9be"
"Assets/_Game/Art/Prefabs/Models/MD_U02.prefab","853099a6d2c35e449815a2a70a197dec","Assets/CompanyWarRE/Resources/CowLegacy/_Game/Art/Prefabs/Models/MD_U02.prefab","Prefab","CopiedWithMeta","f64f1abe8564248fd9ba86dc484c3f4ceac67060f16a0614e3e91c749d1b4d11"
"Assets/_Game/Art/Prefabs/Models/MD_U03.prefab","9bb2fe9f403ad6c49ace59dfadfdf8a2","Assets/CompanyWarRE/Resources/CowLegacy/_Game/Art/Prefabs/Models/MD_U03.prefab","Prefab","CopiedWithMeta","1a4df07bbf2eb457dda5880db320036eaf6c52f501302b19c15d2fbfd0720a0f"
"Assets/_Game/Art/Prefabs/Models/MD_U04.prefab","6344b85d62f1f2740ae213871c5a15e8","Assets/CompanyWarRE/Resources/CowLegacy/_Game/Art/Prefabs/Models/MD_U04.prefab","Prefab","CopiedWithMeta","0fac5fe0ffa99abc9aead112417348fb620efe641efa58109ac02e36fe6c464f"
"Assets/_Game/Art/Prefabs/Models/MD_U05.prefab","55c37ea9f5d976e42b1dde4d00950371","Assets/CompanyWarRE/Resources/CowLegacy/_Game/Art/Prefabs/Models/MD_U05.prefab","Prefab","CopiedWithMeta","96c34db7c518f7e922f6e852c60c5b7f569eebb65a56aa85251441e1bcd299af"
"Assets/_Game/Art/Prefabs/Models/MD_U06.prefab","8a3e64bb0a9b8734e9553b8f1f745a06","Assets/CompanyWarRE/Resources/CowLegacy/_Game/Art/Prefabs/Models/MD_U06.prefab","Prefab","CopiedWithMeta","2648c9d46f4d0dee981f5734962897478fc15897498910e5b94eb08c67248124"
"Assets/_Game/Art/Prefabs/Models/MD_U07.prefab","50356c6a0f77a6b41b95325492d157b7","Assets/CompanyWarRE/Resources/CowLegacy/_Game/Art/Prefabs/Models/MD_U07.prefab","Prefab","CopiedWithMeta","2244361b921b1933d4d91d79535f20cac28b1f3a565971305a8e16dee509fd3c"
"Assets/_Game/Art/Prefabs/Models/MD_U08.prefab","43e7ad3261e9ff84786080ad1c164095","Assets/CompanyWarRE/Resources/CowLegacy/_Game/Art/Prefabs/Models/MD_U08.prefab","Prefab","CopiedWithMeta","b652486631a9b84dc163ff9c5e8abc00de2104c5a6ca694ca1a27d8b82c5072e"
"Assets/_Game/Art/Prefabs/Models/MD_U09.prefab","af3d0a79b1e4a3744830b9108727dc0b","Assets/CompanyWarRE/Resources/CowLegacy/_Game/Art/Prefabs/Models/MD_U09.prefab","Prefab","CopiedWithMeta","dd01a5c3c9e7844593ce1c613ef3447b48e34f0cb4f09c5d531101c296284d7f"
"Assets/_Game/Art/Prefabs/Models/MD_U10.prefab","31f0cd38a2619ed4cbd8783addf6b457","Assets/CompanyWarRE/Resources/CowLegacy/_Game/Art/Prefabs/Models/MD_U10.prefab","Prefab","CopiedWithMeta","efc0986f60778b70e1566cc70f78eaebdec8c141a193eeae01b3bdf0e5c3fbec"
"Assets/_Game/Art/Prefabs/Models/MD_U11.prefab","40912f96fbdc09b41ad8d322558cdfcf","Assets/CompanyWarRE/Resources/CowLegacy/_Game/Art/Prefabs/Models/MD_U11.prefab","Prefab","CopiedWithMeta","83011aaf6d407c1b8e81f699fc3d92e5fc3573fd3d3b069317f944c399fcc2e0"
"Assets/_Game/Art/Prefabs/Models/MD_U12.prefab","4b2143a7adf8b3f4598ead2b62a27e8e","Assets/CompanyWarRE/Resources/CowLegacy/_Game/Art/Prefabs/Models/MD_U12.prefab","Prefab","CopiedWithMeta","68ba32dabd6cb367dee0eb27fab1d36c37d12037f95e5887157323751f0ca21f"
"Assets/_Game/Art/Prefabs/Units/PF_U01.prefab","8800a5eda99ca9148b0e9a94258025eb","Assets/CompanyWarRE/Content/Prefabs/Units/PF_U01.prefab","Prefab","ExistingGuidReused","2b70b069ae976876f596658f8d6be30184946cc2f2b400bdddb4853ad7937c62"
"Assets/_Game/Art/Prefabs/Units/PF_U02.prefab","b337aa8f349904044840f69c1a45381a","Assets/CompanyWarRE/Resources/CowLegacy/_Game/Art/Prefabs/Units/PF_U02.prefab","Prefab","CopiedWithMeta","52b7bdb4393f99e4a5c2983ddc182cfc49f9eb6401922ce498fe763f52311e85"
"Assets/_Game/Art/Prefabs/Units/PF_U03.prefab","0513702e28a05264db5ec83c66225dc1","Assets/CompanyWarRE/Resources/CowLegacy/_Game/Art/Prefabs/Units/PF_U03.prefab","Prefab","CopiedWithMeta","61865c43a93c05463df61c8a31d0946967e1f5ce7828e5f13f98271a8af9150b"
"Assets/_Game/Art/Prefabs/Units/PF_U04.prefab","d455cf7412b52fb44b3843bd3b7c080f","Assets/CompanyWarRE/Resources/CowLegacy/_Game/Art/Prefabs/Units/PF_U04.prefab","Prefab","CopiedWithMeta","248ab711faa29fad97c492fc19d3c21bc87d077459d307574a283a17077ad57b"
"Assets/_Game/Art/Prefabs/Units/PF_U05.prefab","bffb32eade7bbba40a4d3b8dd0bdce3a","Assets/CompanyWarRE/Resources/CowLegacy/_Game/Art/Prefabs/Units/PF_U05.prefab","Prefab","CopiedWithMeta","e9c45f60f3c3c6186d6b7a3551c70357c51467705f58631ce92e5994045cb8cb"
"Assets/_Game/Art/Prefabs/Units/PF_U06.prefab","3540735a2f9e7cd468bad9b32dbdcf69","Assets/CompanyWarRE/Resources/CowLegacy/_Game/Art/Prefabs/Units/PF_U06.prefab","Prefab","CopiedWithMeta","6be6fe48e3deeb0ab351834d058eef714fcdc2fd214f1b30f3746c46ade01cad"
"Assets/_Game/Art/Prefabs/Units/PF_U07.prefab","f1f5c25dff9208e4089633b0e97b15fc","Assets/CompanyWarRE/Resources/CowLegacy/_Game/Art/Prefabs/Units/PF_U07.prefab","Prefab","CopiedWithMeta","71051a15d6013d884baca3960885ed268976961fb3d281866ad997534f972952"
"Assets/_Game/Art/Prefabs/Units/PF_U12.prefab","96ea450f4bf628c48a2d0f8422a35818","Assets/CompanyWarRE/Resources/CowLegacy/_Game/Art/Prefabs/Units/PF_U12.prefab","Prefab","CopiedWithMeta","e740b052ac07c71578eeee359f22f059254ba5c853c209dbf2c6f033c6f6aeac"
"Assets/_Game/Art/Prefabs/Units/PF_U13.prefab","ecb679c8b1807ff48a7604af4b753951","Assets/CompanyWarRE/Resources/CowLegacy/_Game/Art/Prefabs/Units/PF_U13.prefab","Prefab","CopiedWithMeta","a414d1dccbb18507e97a91789ff344c843d73a59967ece5cf16bcf15de4b8b5e"
"Assets/_Game/Art/Prefabs/Units/PF_U14.prefab","99bac7bc9a9e1b744a802557e76790cb","Assets/CompanyWarRE/Resources/CowLegacy/_Game/Art/Prefabs/Units/PF_U14.prefab","Prefab","CopiedWithMeta","85ebaadbcfbc9059fa42469b845dc8fe19d2d0790710f1d14e50b4cd7c9565c6"
"Assets/_Game/Art/Prefabs/Units/PF_U15.prefab","dac57947227da0c4b93ed5289ece8a8e","Assets/CompanyWarRE/Resources/CowLegacy/_Game/Art/Prefabs/Units/PF_U15.prefab","Prefab","CopiedWithMeta","c67ac01f5efcdc41b79b15739512955f9f1acae92e8f028913b7fc14bfc49ff0"
"Assets/_Game/Art/Prefabs/Units/PF_U16.prefab","b016c8f233532824189294bfdfe3c834","Assets/CompanyWarRE/Resources/CowLegacy/_Game/Art/Prefabs/Units/PF_U16.prefab","Prefab","CopiedWithMeta","4fc78a20b7ef3e87449f2f7d70a5348c1bc27e1f783830d264c75089c32e0d3d"
"Assets/_Game/Art/Prefabs/Units/PF_U17.prefab","b02464fd1f2f4b14db86c928c46e08c4","Assets/CompanyWarRE/Resources/CowLegacy/_Game/Art/Prefabs/Units/PF_U17.prefab","Prefab","CopiedWithMeta","84261c8c74bc5f8440d8585edc426969d43a7e892d76838dfb99b0618023e512"
"Assets/_Game/Art/Prefabs/Units/PF_U18.prefab","6e9f917ad8ac09b46a3957f3e5e11944","Assets/CompanyWarRE/Resources/CowLegacy/_Game/Art/Prefabs/Units/PF_U18.prefab","Prefab","CopiedWithMeta","7f5888657b941b909c49d328f5ceeb9bbdcca9091fe7e3b95b981db98bf8c45b"
"Assets/_Game/Art/Prefabs/Units/PF_U19.prefab","332beb290a0cc784684e6c5e5e8cb220","Assets/CompanyWarRE/Resources/CowLegacy/_Game/Art/Prefabs/Units/PF_U19.prefab","Prefab","CopiedWithMeta","75a03ea6b01908fbcfb21b00451a1841008d482a52ff220a2a892cb20dabecd7"
"Assets/_Game/Art/Prefabs/Units/PF_U20.prefab","00605699940079840ad0810d9d08dc97","Assets/CompanyWarRE/Resources/CowLegacy/_Game/Art/Prefabs/Units/PF_U20.prefab","Prefab","CopiedWithMeta","dee87878d7578b02d1ab707d25fe05d969fd4b3fdb2f4c9e1f53833dc660bd35"
"Assets/_Game/Art/Prefabs/Units/PF_U22.prefab","6f6189b0cceb888419584e7530f12876","Assets/CompanyWarRE/Resources/CowLegacy/_Game/Art/Prefabs/Units/PF_U22.prefab","Prefab","CopiedWithMeta","ae77d348bb3686a107bb0e189a7d4324f45a0a1bf1f83335b2e2e10ed774bb71"
"Assets/_Game/Art/Prefabs/Units/PF_U23.prefab","3f95a2e723ab16947a03faffad16fe67","Assets/CompanyWarRE/Resources/CowLegacy/_Game/Art/Prefabs/Units/PF_U23.prefab","Prefab","CopiedWithMeta","04064582377a6b90f1ab06e0b67606f47d63469cb505ed6907a0ba325c182510"
"Assets/_Game/Art/Prefabs/Units/PF_U24.prefab","a0efc8b2f6954574b819e4c79451efdf","Assets/CompanyWarRE/Resources/CowLegacy/_Game/Art/Prefabs/Units/PF_U24.prefab","Prefab","CopiedWithMeta","fc7defffb435783c14257bb1d88d51e14293ff15d68b60f2e2d35394c295a38e"
"Assets/_Game/Art/Prefabs/Units/U01.obj","25cebf529e493fb4ebbedd04c000cf1f","Assets/CompanyWarRE/Content/Models/U01.obj","Dependency","ExistingGuidReused","cd35daa9e3b242d8f5a0110013b1a45929a46788066864fd167521c6de9747a7"
"Assets/_Game/Art/Prefabs/Units/U01.prefab","85540dee2058a6b4ca805ee4e0eb431c","Assets/CompanyWarRE/Resources/CowLegacy/_Game/Art/Prefabs/Units/U01.prefab","Prefab","CopiedWithMeta","7e6cc7a8971cfaea966f2e22f482af61edbd5265ae633d4b681dc21eccc58cef"
"Assets/_Game/Art/Prefabs/Units/U02.obj","1d3a741350556a14b8ce58a47ac0b753","Assets/CompanyWarRE/Resources/CowLegacy/_Game/Art/Prefabs/Units/U02.obj","Dependency","CopiedWithMeta","9c5e359a27b62cb6fe7a06f150097f2e79fe685a3ae1f422c8a90e104c2547ef"
"Assets/_Game/Art/Prefabs/Units/U02.prefab","041a7b9469b592145b0632320727c4fe","Assets/CompanyWarRE/Resources/CowLegacy/_Game/Art/Prefabs/Units/U02.prefab","Prefab","CopiedWithMeta","810470e76c978033cc1d81bf54f26379f45bb10a1cdeedbbf9b5736e6a342c6a"
"Assets/_Game/Art/Prefabs/Units/U03.obj","d0d429f503dd95540b94ee654f23d0ba","Assets/CompanyWarRE/Resources/CowLegacy/_Game/Art/Prefabs/Units/U03.obj","Dependency","CopiedWithMeta","1a6ad5d05b40c90fcc0372ecdc49624d4a7c1ddc9b353b435e64de8ca85ec564"
"Assets/_Game/Art/Prefabs/Units/U03.prefab","3bde82449e8b54a4e93e4c33d51395c8","Assets/CompanyWarRE/Resources/CowLegacy/_Game/Art/Prefabs/Units/U03.prefab","Prefab","CopiedWithMeta","f1e4a4f76efe5e395d30b6ab8a248b79ea008a8ecc256941601dd909003c4800"
"Assets/_Game/Art/Prefabs/Units/U04.obj","3e92520aca3060344af46124400d6742","Assets/CompanyWarRE/Resources/CowLegacy/_Game/Art/Prefabs/Units/U04.obj","Dependency","CopiedWithMeta","36430befcd9246c0ff6f66e16e5ef987005a65c9e0fce16415f7f1510dfa7a9f"
"Assets/_Game/Art/Prefabs/Units/U04.prefab","404a97aaf469a1f4b9eccb0db0408214","Assets/CompanyWarRE/Resources/CowLegacy/_Game/Art/Prefabs/Units/U04.prefab","Prefab","CopiedWithMeta","3e26daa588ae453ec5b955af85cd1b486b4bb7e116bc2b89630d411b72e09791"
"Assets/_Game/Art/Prefabs/Units/U05.obj","0072f10d593240f4b9e5a95df5d67782","Assets/CompanyWarRE/Resources/CowLegacy/_Game/Art/Prefabs/Units/U05.obj","Dependency","CopiedWithMeta","6d8766fdc6dc274069fa544790b3e7364d412340d50630bb517243f8e8578517"
"Assets/_Game/Art/Prefabs/Units/U05.prefab","8c1a7fe369f961a43b51567cfb27efc8","Assets/CompanyWarRE/Resources/CowLegacy/_Game/Art/Prefabs/Units/U05.prefab","Prefab","CopiedWithMeta","45c6c661b8e11ecd0771b7644ed29d153d566df4fe1d056182868abc35d06203"
"Assets/_Game/Art/Prefabs/Units/U06.obj","dc6cc7d1acb09834897d392cd8f30230","Assets/CompanyWarRE/Resources/CowLegacy/_Game/Art/Prefabs/Units/U06.obj","Dependency","CopiedWithMeta","d67078953187c4786242c5db2c7c8ee37012adee3ebd306dd48076f3d367fadf"
"Assets/_Game/Art/Prefabs/Units/U06.prefab","c87db290d469c17448d971b119cc58bb","Assets/CompanyWarRE/Resources/CowLegacy/_Game/Art/Prefabs/Units/U06.prefab","Prefab","CopiedWithMeta","524a9845423db3d88954967cb21234d5dfe5f120dcab6d4231ac023effa9e2fa"
"Assets/_Game/Art/Prefabs/Units/U07.obj","d9160e0a4fe112e4e9e53ef1f370cf2a","Assets/CompanyWarRE/Resources/CowLegacy/_Game/Art/Prefabs/Units/U07.obj","Dependency","CopiedWithMeta","919f7a55284664345635d3fca6bf25e23990ec71514645ea6df33ef26e26904a"
"Assets/_Game/Art/Prefabs/Units/U07.prefab","a02ab2a46dbda324787c61219448e704","Assets/CompanyWarRE/Resources/CowLegacy/_Game/Art/Prefabs/Units/U07.prefab","Prefab","CopiedWithMeta","1fa9a63792ca1cc0d7c4f0dc3e5fb0e4746fbc7d8e0cb69fd716fe9a8a1c2331"
"Assets/_Game/Art/Prefabs/Units/U08.obj","828186805e580b842964ac00688ea37f","Assets/CompanyWarRE/Resources/CowLegacy/_Game/Art/Prefabs/Units/U08.obj","Dependency","CopiedWithMeta","d78d624710276e5c4460cbe8c1330f403910f0f5a8980eebf40768a255521889"
"Assets/_Game/Art/Prefabs/Units/U08.prefab","51128776420a9c14ab3de268d07a9129","Assets/CompanyWarRE/Resources/CowLegacy/_Game/Art/Prefabs/Units/U08.prefab","Prefab","CopiedWithMeta","380f4fa60a4639721545ee81dcce18ab441792a26e758d828e49529c65782a58"
"Assets/_Game/Art/Prefabs/Units/U09.obj","507f12b34b19dde4eacb407c78f6dd8d","Assets/CompanyWarRE/Resources/CowLegacy/_Game/Art/Prefabs/Units/U09.obj","Dependency","CopiedWithMeta","6f4d6f3082a05c1727c8b227aac1109ed1826821a3e967c2afe431b1439b8cc3"
"Assets/_Game/Art/Prefabs/Units/U09.prefab","6856d3dbe057edd4f841101e4669f560","Assets/CompanyWarRE/Resources/CowLegacy/_Game/Art/Prefabs/Units/U09.prefab","Prefab","CopiedWithMeta","6e27ec81ce7a44fd6281ac6c8450e2086c99ec3876f8344590cf1783ee2bdce7"
"Assets/_Game/Art/Prefabs/Units/U10.obj","dda3df23b66c01a478435d3fece3ea3d","Assets/CompanyWarRE/Resources/CowLegacy/_Game/Art/Prefabs/Units/U10.obj","Dependency","CopiedWithMeta","9611f7c878f2f85bd97760e44064f65f2c3876064a285ee3912562d8e2b1cda9"
"Assets/_Game/Art/Prefabs/Units/U10.prefab","ad73724f463457e43bf578703f6d308e","Assets/CompanyWarRE/Resources/CowLegacy/_Game/Art/Prefabs/Units/U10.prefab","Prefab","CopiedWithMeta","0183799ee62cf30624db35eddfa324349a5305ef7d7fe48284f5e4dcb4aac84d"
"Assets/_Game/Art/Prefabs/Units/U11.obj","9cd8177803f5cab48a4669c245321253","Assets/CompanyWarRE/Resources/CowLegacy/_Game/Art/Prefabs/Units/U11.obj","Dependency","CopiedWithMeta","471269bd2e04695be15384bfbf719451af48510c2082d3a1944c1f0a5b042bf4"
"Assets/_Game/Art/Prefabs/Units/U11.prefab","ac2bd7856b0cf3c4b95851224adca707","Assets/CompanyWarRE/Resources/CowLegacy/_Game/Art/Prefabs/Units/U11.prefab","Prefab","CopiedWithMeta","3d023187667438f771b4423cbef03a6383a46d5a25322d2a6f767790e7e68283"
"Assets/_Game/Art/Prefabs/Units/U12.obj","3cad9287ba6887b43a6b3a001410a9b5","Assets/CompanyWarRE/Resources/CowLegacy/_Game/Art/Prefabs/Units/U12.obj","Dependency","CopiedWithMeta","af5255f816dae5633ac53d55d3282c45224b3d278f80cdf354b6f639ffaf87b7"
"Assets/_Game/Art/Prefabs/Units/U12.prefab","5fc5c250c14be5a459fa67e055683317","Assets/CompanyWarRE/Resources/CowLegacy/_Game/Art/Prefabs/Units/U12.prefab","Prefab","CopiedWithMeta","7c7ebb2ca5ca3f44b76fcb9246f49fa203851b644b2f25a04d1128c65daa6968"
"Assets/_Game/Art/Prefabs/Units/U13.obj","68ae6ee796188e94283e0506823d4a47","Assets/CompanyWarRE/Resources/CowLegacy/_Game/Art/Prefabs/Units/U13.obj","Dependency","CopiedWithMeta","907e89488ad92602d9e70fb50a8228eb8160638c39e578c3210111a2051b9f1e"
"Assets/_Game/Art/Prefabs/Units/U14.obj","ab307c542de35634aacae5979fab158a","Assets/CompanyWarRE/Resources/CowLegacy/_Game/Art/Prefabs/Units/U14.obj","Dependency","CopiedWithMeta","328e348a5d95467966435a2c70fbed144c8a674533f181c9dc3ee708fc5e4bc7"
"Assets/_Game/Art/Prefabs/Units/U15.obj","56da723d8d583a148be9ced563599a29","Assets/CompanyWarRE/Resources/CowLegacy/_Game/Art/Prefabs/Units/U15.obj","Dependency","CopiedWithMeta","f442debfcca65d526257d9fd8246fb60a8e98a8d9416a641ffc1b3817641b963"
"Assets/_Game/Art/Prefabs/Units/U17.obj","b848851dab9ebb14f8ebe8bc60b9deb1","Assets/CompanyWarRE/Resources/CowLegacy/_Game/Art/Prefabs/Units/U17.obj","Dependency","CopiedWithMeta","d0c07bd35c36d23916fdfa3fe277c27b16c6e642075eae65ea793680c8fc644f"
"Assets/_Game/Art/Prefabs/Units/U18.obj","009ac6640f9484547b2aa869eb90bb1c","Assets/CompanyWarRE/Resources/CowLegacy/_Game/Art/Prefabs/Units/U18.obj","Dependency","CopiedWithMeta","62a38530a303ce350fd040dd9f46e5c8b59c5f5f3a6f4544f44ed8e96921f65b"
"Assets/_Game/Art/Prefabs/Units/U19.obj","dee8a5b75337eaf479bcd629e82b43d4","Assets/CompanyWarRE/Resources/CowLegacy/_Game/Art/Prefabs/Units/U19.obj","Dependency","CopiedWithMeta","0e8c8d74889957bbdf1b99b6ee8e7465a3d4c445f263ed8fadf087c06b3c7665"
"Assets/_Game/Art/Prefabs/Units/U20.obj","67ae6071e3347f84a9276cfcdbdb6f1b","Assets/CompanyWarRE/Resources/CowLegacy/_Game/Art/Prefabs/Units/U20.obj","Dependency","CopiedWithMeta","b9deff779deb3c5708a61bd4f7ae9ba08a32002a2b738e05e3bb892db32981c5"
"Assets/_Game/Art/Prefabs/Units/U21.obj","35cd3509e163e1b42b578ea273d6d9cf","Assets/CompanyWarRE/Resources/CowLegacy/_Game/Art/Prefabs/Units/U21.obj","Dependency","CopiedWithMeta","f643a33ad81ed7bc01d3088efe83fa70db47c4ba7d169fc48d043fb655119842"
"Assets/_Game/Art/Prefabs/Units/U22.obj","480d291e10bb297448a38267e7c351ef","Assets/CompanyWarRE/Resources/CowLegacy/_Game/Art/Prefabs/Units/U22.obj","Dependency","CopiedWithMeta","dc4bdaa7b1824107d67c5cec9f7ad28d65af2326c1db8b0023accd5a228fb69e"
"Assets/_Game/Art/Prefabs/Units/U23.obj","c311545f5de42304d8e7ec2d47e717e5","Assets/CompanyWarRE/Resources/CowLegacy/_Game/Art/Prefabs/Units/U23.obj","Dependency","CopiedWithMeta","40ef66d523d27b949894634424427b01343c5f3a574238ca61c114656454a1e7"
"Assets/_Game/Art/Prefabs/Units/U24.obj","990d2cc118354784ba1f84065fc8c05e","Assets/CompanyWarRE/Resources/CowLegacy/_Game/Art/Prefabs/Units/U24.obj","Dependency","CopiedWithMeta","49ae02495404b89b7b893dae91a009a03b389de825900c9960f4f964552ffbd3"
"Assets/_Game/Resources/11111/1.fbx","d3bdc38d9e243df47a93adcee51b362e","Assets/CompanyWarRE/Content/Models/E01.fbx","Dependency","ExistingGuidReused","f5897dd987acdaf4f5987a17fba55eaef705837974ef85520a1ac12b7ed694cc"
"Assets/_Game/Resources/11111/10.fbx","bbb645cefc6d6a3429d906700bbadd2e","Assets/CompanyWarRE/Resources/CowLegacy/_Game/Resources/11111/10.fbx","Dependency","CopiedWithMeta","d87d99413e6008f2ff9e2bab9e33084f703cd0f7d6f60a59863a1fb9ec7da05f"
"Assets/_Game/Resources/11111/11.fbx","a6c92b4b0361d1b418c4316308aafb58","Assets/CompanyWarRE/Resources/CowLegacy/_Game/Resources/11111/11.fbx","Dependency","CopiedWithMeta","e96b2ab50b66405010afa4af37bdcfc4df771e872794c77077b63839d2b07a4f"
"Assets/_Game/Resources/11111/12.fbx","57b0b7d9f47442a438e8fb0ed660e715","Assets/CompanyWarRE/Resources/CowLegacy/_Game/Resources/11111/12.fbx","Dependency","CopiedWithMeta","34cd54915359137c5faa4ab7dd7f78057e31dc8201429efccdbd45dfc3cd3c44"
"Assets/_Game/Resources/11111/13.fbx","c68ef938225c36c4189195d2131ed93a","Assets/CompanyWarRE/Resources/CowLegacy/_Game/Resources/11111/13.fbx","Dependency","CopiedWithMeta","e3aa7afffaf5649bdfbb9c295ec87c7caadcf05f6c4a77b46da7c43909322337"
"Assets/_Game/Resources/11111/14.fbx","15bb3752e6a753f41b600e16a200143f","Assets/CompanyWarRE/Resources/CowLegacy/_Game/Resources/11111/14.fbx","Dependency","CopiedWithMeta","dba9746b7c10994e70c55beff7a08a1ff7151bc327f48d633ac3de6203ef8b5c"
"Assets/_Game/Resources/11111/15.fbx","18cab212848f1e942a633d195f30e6ec","Assets/CompanyWarRE/Resources/CowLegacy/_Game/Resources/11111/15.fbx","Dependency","CopiedWithMeta","89825cc8fc43c0af7509889af8ec3978ab03d513a46010e7df2c7f95f8a23044"
"Assets/_Game/Resources/11111/2.fbx","7f8fb0ecd50c6d0498fe78ae60d52675","Assets/CompanyWarRE/Resources/CowLegacy/_Game/Resources/11111/2.fbx","Dependency","CopiedWithMeta","06be0e9dce83651a31d1590e25aea2aa2edaf780bd35e7d4c03067dfbc407ee9"
"Assets/_Game/Resources/11111/3.fbx","5285d1d77ad220b41b362e3ce71ca0de","Assets/CompanyWarRE/Resources/CowLegacy/_Game/Resources/11111/3.fbx","Dependency","CopiedWithMeta","1932d9cd9b420387fa915fac7d0524fe4cc9bf32d8014a862ab01521fa20b5a2"
"Assets/_Game/Resources/11111/4.fbx","15da9bc824a181d4f9c6155bc025b946","Assets/CompanyWarRE/Resources/CowLegacy/_Game/Resources/11111/4.fbx","Dependency","CopiedWithMeta","72c601157d49abfa9675574d6f1b2bceb49d951e48da933f96909e7d7c358975"
"Assets/_Game/Resources/11111/5.fbx","2def6418fee239340805d2473950578b","Assets/CompanyWarRE/Resources/CowLegacy/_Game/Resources/11111/5.fbx","Dependency","CopiedWithMeta","7ce625e25011b7a5372e31d19afa0a81026a5a76d10a02db690be220ee1c615e"
"Assets/_Game/Resources/11111/6.fbx","6587bd970d7104147955315630d14712","Assets/CompanyWarRE/Content/Models/E06.fbx","Dependency","ExistingGuidReused","fd74e666ad942da7a69471cb1aad52a13f52ffeb74f6d42a135e55d402a111c7"
"Assets/_Game/Resources/11111/7.fbx","68413b30f6236ad45840f8c4294add33","Assets/CompanyWarRE/Content/Models/E07.fbx","Dependency","ExistingGuidReused","4187600eb103edf5451acbe3f38a5b9278cc533b34c57b9bfff8e0c57a30f48e"
"Assets/_Game/Resources/11111/8.fbx","27d86da6997118d4aaf9619aa89c3378","Assets/CompanyWarRE/Resources/CowLegacy/_Game/Resources/11111/8.fbx","Dependency","CopiedWithMeta","2357b9ec30e3de293b17937ec5db5308085c664ed6cbc5d211e0e901412876a8"
"Assets/_Game/Resources/11111/9.fbx","b20ae08aeefb5d54e9d3885720dbf2b8","Assets/CompanyWarRE/Resources/CowLegacy/_Game/Resources/11111/9.fbx","Dependency","CopiedWithMeta","f43938a48613b3050e1307124f61ddca71b67a8abc99214fce69c96e3daba524"
"Assets/_Game/Scripts/UI/BattlePanel.cs","642b2c2954fd5574fa229fca7cac5ac4","Assets/CompanyWarRE/Compatibility/CowUI/BattlePanel.cs","Dependency","CompatibilityShim","98ee63622cd10941ccc7e50ee991a7cbc4e499fcbbb619b654d84825c5bcf52b"
"Assets/_Game/Scripts/UI/BattlePanel.prefab","e7e1df7b19d70bd448fe75ed4627e17e","Assets/CompanyWarRE/Resources/CowLegacy/_Game/Scripts/UI/BattlePanel.prefab","Prefab","CopiedWithMeta","bf0246feaaec7f1a14a9d9031e93de728cbcc9bd5cd8c8dfdb583121f7255014"
"Assets/_Game/Scripts/UI/LevelSelectPanel.cs","81c4b70ccd8a8b94bbc0f6eff40736f7","Assets/CompanyWarRE/Compatibility/CowUI/LevelSelectPanel.cs","Dependency","CompatibilityShim","63d46b6ad6772801882be98d699021ed22a910a65330bfd58f2d7c504b884895"
"Assets/_Game/Scripts/UI/LevelSelectPanel.prefab","44e02acd9e3c0de4798f6bcc2d934a26","Assets/CompanyWarRE/Resources/CowLegacy/_Game/Scripts/UI/LevelSelectPanel.prefab","Prefab","CopiedWithMeta","213bd7b0cea09ee58f96cf792c1182d09826e0c76e07d35136a83d4d86eeb97c"
"Assets/_Game/Scripts/UI/Menu.prefab","290e077e0729742428a81a8ebc2598ab","Assets/CompanyWarRE/Resources/CowLegacy/_Game/Scripts/UI/Menu.prefab","Prefab","CopiedWithMeta","e455edce7728fd68c4181612c8885988d1a39b3f3902a90c4be01519a2dac768"
"Assets/_Game/Scripts/UI/MenuPanel.cs","e52691e61cc9cfb4eb29e48a69f4f231","Assets/CompanyWarRE/Compatibility/CowUI/MenuPanel.cs","Dependency","CompatibilityShim","8f6bbfdc69d0c4a3ab2529d4a454dc64e31d1ada0d7cdfcd7bcb5fd357ab215c"
"Assets/_YFanFramework/Prefabs/AudioSourceItem.prefab","6a27c6d8582c61a4e8a2d107f5b6a557","Assets/CompanyWarRE/Resources/CowLegacy/_YFanFramework/Prefabs/AudioSourceItem.prefab","Prefab","CopiedWithMeta","95f69fe2423af7ca30cbaadec01aec7d37611bfa95d8f3a3399c8504e26b486e"
"Assets/_YFanFramework/Prefabs/FloatingTextItem.prefab","c703bb07e37ba0245b58dcc9f167b260","Assets/CompanyWarRE/Resources/CowLegacy/_YFanFramework/Prefabs/FloatingTextItem.prefab","Prefab","CopiedWithMeta","1c01856236c9c8b46508dceab321fcaa429487537c504ed010b3fff540ded5ee"
"Assets/_YFanFramework/Scripts/Systems/FloatingTextSystem/FloatingTextItem.cs","0411f205fe34b6e4aa5bc9e62ecaec3c","Assets/CompanyWarRE/Compatibility/CowUI/FloatingTextItem.cs","Dependency","CompatibilityShim","6d23193dead2ab99d5814c63792e6527728138440f3ae0de59008a9e61aa71d4"
"Assets/TextMesh Pro/Shaders/TMP_SDF.shader","68e6db2ebdc24f95958faec2be5558d6","Assets/CompanyWarRE/Resources/CowLegacy/TextMesh Pro/Shaders/TMP_SDF.shader","Dependency","CopiedWithMeta","21b8ea81bb6e3ef203d329f6c81afd9e4751684245d85c9b477010a157d01929"
