"PrefabSourcePath","DependencyGuid","DependencySourcePath"
"Assets/_Game/Art/Prefabs/Buildings/PF_E06.prefab","6587bd970d7104147955315630d14712","Assets/_Game/Resources/11111/6.fbx"
"Assets/_Game/Art/Prefabs/Buildings/PF_E06.prefab","184cbfe1ed6d3c241b7ec9d9b5d2326d","Assets/_Game/Art/Materials/Mat_E06.mat"
"Assets/_Game/Art/Prefabs/Buildings/PF_E07.prefab","68413b30f6236ad45840f8c4294add33","Assets/_Game/Resources/11111/7.fbx"
"Assets/_Game/Art/Prefabs/Buildings/PF_E07.prefab","73e65bf99733ab54ebbdacf1938482a6","Assets/_Game/Art/Materials/Mat_E07.mat"
"Assets/_Game/Art/Prefabs/Buildings/PF_E12.prefab","57b0b7d9f47442a438e8fb0ed660e715","Assets/_Game/Resources/11111/12.fbx"
"Assets/_Game/Art/Prefabs/Buildings/PF_E12.prefab","a86202c880d3fba4fa27159ebf1b7490","Assets/_Game/Art/Materials/Mat_E12.mat"
"Assets/_Game/Art/Prefabs/Buildings/PF_E13.prefab","c68ef938225c36c4189195d2131ed93a","Assets/_Game/Resources/11111/13.fbx"
"Assets/_Game/Art/Prefabs/Buildings/PF_E13.prefab","b58db6350087459478242d652c66a163","Assets/_Game/Art/Materials/Mat_E13.mat"
"Assets/_Game/Art/Prefabs/Buildings/PF_E14.prefab","15bb3752e6a753f41b600e16a200143f","Assets/_Game/Resources/11111/14.fbx"
"Assets/_Game/Art/Prefabs/Buildings/PF_E14.prefab","aaca0c6455e6e3444ad38b6412489284","Assets/_Game/Art/Materials/Mat_E14.mat"
"Assets/_Game/Art/Prefabs/Buildings/PF_E15.prefab","18cab212848f1e942a633d195f30e6ec","Assets/_Game/Resources/11111/15.fbx"
"Assets/_Game/Art/Prefabs/Buildings/PF_E15.prefab","06918f90dbd0876479cfb590c588234a","Assets/_Game/Art/Materials/Mat_E15.mat"
"Assets/_Game/Art/Prefabs/Buildings/PF_U08.prefab","5d8270a19d0c3ba49a2cb64251d3873f","Assets/_Game/Art/Materials/Mat_U08.mat"
"Assets/_Game/Art/Prefabs/Buildings/PF_U08.prefab","828186805e580b842964ac00688ea37f","Assets/_Game/Art/Prefabs/Units/U08.obj"
"Assets/_Game/Art/Prefabs/Buildings/PF_U09.prefab","507f12b34b19dde4eacb407c78f6dd8d","Assets/_Game/Art/Prefabs/Units/U09.obj"
"Assets/_Game/Art/Prefabs/Buildings/PF_U09.prefab","d191714826e7cfd4ea54b1c71a144c74","Assets/_Game/Art/Materials/Mat_U09.mat"
"Assets/_Game/Art/Prefabs/Buildings/PF_U10.prefab","d8f8773c839b51a47a9efdcaed2abd5e","Assets/_Game/Art/Materials/Mat_U10.mat"
"Assets/_Game/Art/Prefabs/Buildings/PF_U10.prefab","0000000000000000e000000000000000","<package-or-built-in>"
"Assets/_Game/Art/Prefabs/Buildings/PF_U11.prefab","1f1085ead6f614f4c90d2205e9b00e82","Assets/_Game/Art/Materials/Mat_U11.mat"
"Assets/_Game/Art/Prefabs/Buildings/PF_U11.prefab","0000000000000000e000000000000000","<package-or-built-in>"
"Assets/_Game/Art/Prefabs/Buildings/PF_U21.prefab","35cd3509e163e1b42b578ea273d6d9cf","Assets/_Game/Art/Prefabs/Units/U21.obj"
"Assets/_Game/Art/Prefabs/Buildings/PF_U21.prefab","909c865c9a68d5148b4b1ad1568abec4","Assets/_Game/Art/Materials/Mat_U21.mat"
"Assets/_Game/Art/Prefabs/Enemies/PF_E01.prefab","d3bdc38d9e243df47a93adcee51b362e","Assets/_Game/Resources/11111/1.fbx"
"Assets/_Game/Art/Prefabs/Enemies/PF_E01.prefab","a326d73ee601f3946ab28f97c0edc432","Assets/_Game/Art/Materials/Mat_E01.mat"
"Assets/_Game/Art/Prefabs/Enemies/PF_E02.prefab","b90d41f36eabe7548aa88b2adee64dd9","Assets/_Game/Art/Materials/Mat_E02.mat"
"Assets/_Game/Art/Prefabs/Enemies/PF_E02.prefab","7f8fb0ecd50c6d0498fe78ae60d52675","Assets/_Game/Resources/11111/2.fbx"
"Assets/_Game/Art/Prefabs/Enemies/PF_E03.prefab","5285d1d77ad220b41b362e3ce71ca0de","Assets/_Game/Resources/11111/3.fbx"
"Assets/_Game/Art/Prefabs/Enemies/PF_E03.prefab","bac1006a7a3b30d4580c7d8511aa5d7d","Assets/_Game/Art/Materials/Mat_E03.mat"
"Assets/_Game/Art/Prefabs/Enemies/PF_E04.prefab","15da9bc824a181d4f9c6155bc025b946","Assets/_Game/Resources/11111/4.fbx"
"Assets/_Game/Art/Prefabs/Enemies/PF_E04.prefab","36538b0bee233ac4f803779abc0b3d3c","Assets/_Game/Art/Materials/Mat_E04.mat"
"Assets/_Game/Art/Prefabs/Enemies/PF_E05.prefab","2def6418fee239340805d2473950578b","Assets/_Game/Resources/11111/5.fbx"
"Assets/_Game/Art/Prefabs/Enemies/PF_E05.prefab","59ff1a66bbf66754f8613e3d8ae5f1d6","Assets/_Game/Art/Materials/Mat_E05.mat"
"Assets/_Game/Art/Prefabs/Enemies/PF_E08.prefab","27d86da6997118d4aaf9619aa89c3378","Assets/_Game/Resources/11111/8.fbx"
"Assets/_Game/Art/Prefabs/Enemies/PF_E08.prefab","55741e45fc3691847a2f45b30ef5a003","Assets/_Game/Art/Materials/Mat_E08.mat"
"Assets/_Game/Art/Prefabs/Enemies/PF_E09.prefab","b20ae08aeefb5d54e9d3885720dbf2b8","Assets/_Game/Resources/11111/9.fbx"
"Assets/_Game/Art/Prefabs/Enemies/PF_E09.prefab","d1529e003ebb68b4a8fddc9445891703","Assets/_Game/Art/Materials/Mat_E09.mat"
"Assets/_Game/Art/Prefabs/Enemies/PF_E10.prefab","bbb645cefc6d6a3429d906700bbadd2e","Assets/_Game/Resources/11111/10.fbx"
"Assets/_Game/Art/Prefabs/Enemies/PF_E10.prefab","946a34b62259c4b4ca04041892ffa3d4","Assets/_Game/Art/Materials/Mat_E10.mat"
"Assets/_Game/Art/Prefabs/Enemies/PF_E11.prefab","a6c92b4b0361d1b418c4316308aafb58","Assets/_Game/Resources/11111/11.fbx"
"Assets/_Game/Art/Prefabs/Enemies/PF_E11.prefab","e57af6a74927ea84a9adc614cb2c3735","Assets/_Game/Art/Materials/Mat_E11.mat"
"Assets/_Game/Art/Prefabs/Models/MD_E01.prefab","0000000000000000e000000000000000","<package-or-built-in>"
"Assets/_Game/Art/Prefabs/Models/MD_E01.prefab","73c176f402d2c2f4d929aa5da7585d17","<package-or-built-in>"
"Assets/_Game/Art/Prefabs/Models/MD_E02.prefab","0000000000000000e000000000000000","<package-or-built-in>"
"Assets/_Game/Art/Prefabs/Models/MD_E02.prefab","73c176f402d2c2f4d929aa5da7585d17","<package-or-built-in>"
"Assets/_Game/Art/Prefabs/Models/MD_E03.prefab","0000000000000000e000000000000000","<package-or-built-in>"
"Assets/_Game/Art/Prefabs/Models/MD_E03.prefab","73c176f402d2c2f4d929aa5da7585d17","<package-or-built-in>"
"Assets/_Game/Art/Prefabs/Models/MD_E04.prefab","0000000000000000e000000000000000","<package-or-built-in>"
"Assets/_Game/Art/Prefabs/Models/MD_E04.prefab","73c176f402d2c2f4d929aa5da7585d17","<package-or-built-in>"
"Assets/_Game/Art/Prefabs/Models/MD_E05.prefab","0000000000000000e000000000000000","<package-or-built-in>"
"Assets/_Game/Art/Prefabs/Models/MD_E05.prefab","73c176f402d2c2f4d929aa5da7585d17","<package-or-built-in>"
"Assets/_Game/Art/Prefabs/Models/MD_E06.prefab","0000000000000000e000000000000000","<package-or-built-in>"
"Assets/_Game/Art/Prefabs/Models/MD_E06.prefab","73c176f402d2c2f4d929aa5da7585d17","<package-or-built-in>"
"Assets/_Game/Art/Prefabs/Models/MD_E07.prefab","0000000000000000e000000000000000","<package-or-built-in>"
"Assets/_Game/Art/Prefabs/Models/MD_E07.prefab","73c176f402d2c2f4d929aa5da7585d17","<package-or-built-in>"
"Assets/_Game/Art/Prefabs/Models/MD_U01.prefab","0000000000000000e000000000000000","<package-or-built-in>"
"Assets/_Game/Art/Prefabs/Models/MD_U01.prefab","73c176f402d2c2f4d929aa5da7585d17","<package-or-built-in>"
"Assets/_Game/Art/Prefabs/Models/MD_U02.prefab","0000000000000000e000000000000000","<package-or-built-in>"
"Assets/_Game/Art/Prefabs/Models/MD_U02.prefab","73c176f402d2c2f4d929aa5da7585d17","<package-or-built-in>"
"Assets/_Game/Art/Prefabs/Models/MD_U03.prefab","0000000000000000e000000000000000","<package-or-built-in>"
"Assets/_Game/Art/Prefabs/Models/MD_U03.prefab","73c176f402d2c2f4d929aa5da7585d17","<package-or-built-in>"
"Assets/_Game/Art/Prefabs/Models/MD_U04.prefab","0000000000000000e000000000000000","<package-or-built-in>"
"Assets/_Game/Art/Prefabs/Models/MD_U04.prefab","73c176f402d2c2f4d929aa5da7585d17","<package-or-built-in>"
"Assets/_Game/Art/Prefabs/Models/MD_U05.prefab","0000000000000000e000000000000000","<package-or-built-in>"
"Assets/_Game/Art/Prefabs/Models/MD_U05.prefab","73c176f402d2c2f4d929aa5da7585d17","<package-or-built-in>"
"Assets/_Game/Art/Prefabs/Models/MD_U06.prefab","0000000000000000e000000000000000","<package-or-built-in>"
"Assets/_Game/Art/Prefabs/Models/MD_U06.prefab","73c176f402d2c2f4d929aa5da7585d17","<package-or-built-in>"
"Assets/_Game/Art/Prefabs/Models/MD_U07.prefab","0000000000000000e000000000000000","<package-or-built-in>"
"Assets/_Game/Art/Prefabs/Models/MD_U07.prefab","73c176f402d2c2f4d929aa5da7585d17","<package-or-built-in>"
"Assets/_Game/Art/Prefabs/Models/MD_U08.prefab","0000000000000000e000000000000000","<package-or-built-in>"
"Assets/_Game/Art/Prefabs/Models/MD_U08.prefab","73c176f402d2c2f4d929aa5da7585d17","<package-or-built-in>"
"Assets/_Game/Art/Prefabs/Models/MD_U09.prefab","0000000000000000e000000000000000","<package-or-built-in>"
"Assets/_Game/Art/Prefabs/Models/MD_U09.prefab","73c176f402d2c2f4d929aa5da7585d17","<package-or-built-in>"
"Assets/_Game/Art/Prefabs/Models/MD_U10.prefab","0000000000000000e000000000000000","<package-or-built-in>"
"Assets/_Game/Art/Prefabs/Models/MD_U10.prefab","73c176f402d2c2f4d929aa5da7585d17","<package-or-built-in>"
"Assets/_Game/Art/Prefabs/Models/MD_U11.prefab","0000000000000000e000000000000000","<package-or-built-in>"
"Assets/_Game/Art/Prefabs/Models/MD_U11.prefab","73c176f402d2c2f4d929aa5da7585d17","<package-or-built-in>"
"Assets/_Game/Art/Prefabs/Models/MD_U12.prefab","0000000000000000e000000000000000","<package-or-built-in>"
"Assets/_Game/Art/Prefabs/Models/MD_U12.prefab","73c176f402d2c2f4d929aa5da7585d17","<package-or-built-in>"
"Assets/_Game/Art/Prefabs/Units/PF_U01.prefab","17b34ab7ec0f811408ec679715b1f948","Assets/_Game/Art/Materials/Mat_U01.mat"
"Assets/_Game/Art/Prefabs/Units/PF_U01.prefab","25cebf529e493fb4ebbedd04c000cf1f","Assets/_Game/Art/Prefabs/Units/U01.obj"
"Assets/_Game/Art/Prefabs/Units/PF_U02.prefab","1d3a741350556a14b8ce58a47ac0b753","Assets/_Game/Art/Prefabs/Units/U02.obj"
"Assets/_Game/Art/Prefabs/Units/PF_U02.prefab","438f0d08aa1f62c4686e02c63d384a11","Assets/_Game/Art/Materials/Mat_U02.mat"
"Assets/_Game/Art/Prefabs/Units/PF_U03.prefab","6793e13dbe221bf429465870727968c4","Assets/_Game/Art/Materials/Mat_U03.mat"
"Assets/_Game/Art/Prefabs/Units/PF_U03.prefab","d0d429f503dd95540b94ee654f23d0ba","Assets/_Game/Art/Prefabs/Units/U03.obj"
"Assets/_Game/Art/Prefabs/Units/PF_U04.prefab","3e92520aca3060344af46124400d6742","Assets/_Game/Art/Prefabs/Units/U04.obj"
"Assets/_Game/Art/Prefabs/Units/PF_U04.prefab","1493adaf1f830864e8af4a3a43b3a985","Assets/_Game/Art/Materials/Mat_U04.mat"
"Assets/_Game/Art/Prefabs/Units/PF_U05.prefab","48a6d779e006b0a4fa141441db99d119","Assets/_Game/Art/Materials/Mat_U05.mat"
"Assets/_Game/Art/Prefabs/Units/PF_U05.prefab","0072f10d593240f4b9e5a95df5d67782","Assets/_Game/Art/Prefabs/Units/U05.obj"
"Assets/_Game/Art/Prefabs/Units/PF_U06.prefab","fb0604fa3d16917498aeb02a486307d1","Assets/_Game/Art/Materials/Mat_U06.mat"
"Assets/_Game/Art/Prefabs/Units/PF_U06.prefab","dc6cc7d1acb09834897d392cd8f30230","Assets/_Game/Art/Prefabs/Units/U06.obj"
"Assets/_Game/Art/Prefabs/Units/PF_U07.prefab","d9160e0a4fe112e4e9e53ef1f370cf2a","Assets/_Game/Art/Prefabs/Units/U07.obj"
"Assets/_Game/Art/Prefabs/Units/PF_U07.prefab","bbf650704adc8aa40bbd817142700a02","Assets/_Game/Art/Materials/Mat_U07.mat"
"Assets/_Game/Art/Prefabs/Units/PF_U12.prefab","2147c28186a7299469433e782704d536","Assets/_Game/Art/Materials/Mat_U12.mat"
"Assets/_Game/Art/Prefabs/Units/PF_U12.prefab","3cad9287ba6887b43a6b3a001410a9b5","Assets/_Game/Art/Prefabs/Units/U12.obj"
"Assets/_Game/Art/Prefabs/Units/PF_U13.prefab","827d6fbfd139a1e4b96b0f5514d1182a","Assets/_Game/Art/Materials/Mat_U13.mat"
"Assets/_Game/Art/Prefabs/Units/PF_U13.prefab","68ae6ee796188e94283e0506823d4a47","Assets/_Game/Art/Prefabs/Units/U13.obj"
"Assets/_Game/Art/Prefabs/Units/PF_U14.prefab","ab307c542de35634aacae5979fab158a","Assets/_Game/Art/Prefabs/Units/U14.obj"
"Assets/_Game/Art/Prefabs/Units/PF_U15.prefab","ab307c542de35634aacae5979fab158a","Assets/_Game/Art/Prefabs/Units/U14.obj"
"Assets/_Game/Art/Prefabs/Units/PF_U15.prefab","1f992d9977143f84fb2b093383f76dbc","Assets/_Game/Art/Materials/Mat_U15.mat"
"Assets/_Game/Art/Prefabs/Units/PF_U16.prefab","cf1fbe87ebc762e4494c700b2da97c90","Assets/_Game/Art/Materials/Mat_U16.mat"
"Assets/_Game/Art/Prefabs/Units/PF_U16.prefab","56da723d8d583a148be9ced563599a29","Assets/_Game/Art/Prefabs/Units/U15.obj"
"Assets/_Game/Art/Prefabs/Units/PF_U17.prefab","b848851dab9ebb14f8ebe8bc60b9deb1","Assets/_Game/Art/Prefabs/Units/U17.obj"
"Assets/_Game/Art/Prefabs/Units/PF_U17.prefab","7eecd33d48a0c3c45948b75a96738957","Assets/_Game/Art/Materials/Mat_U17.mat"
"Assets/_Game/Art/Prefabs/Units/PF_U18.prefab","650ebd669a825974fb456ee5c5558696","Assets/_Game/Art/Materials/Mat_U18.mat"
"Assets/_Game/Art/Prefabs/Units/PF_U18.prefab","009ac6640f9484547b2aa869eb90bb1c","Assets/_Game/Art/Prefabs/Units/U18.obj"
"Assets/_Game/Art/Prefabs/Units/PF_U19.prefab","dee8a5b75337eaf479bcd629e82b43d4","Assets/_Game/Art/Prefabs/Units/U19.obj"
"Assets/_Game/Art/Prefabs/Units/PF_U19.prefab","476ab43df98a3c745976b25fc66c2bd6","Assets/_Game/Art/Materials/Mat_U19.mat"
"Assets/_Game/Art/Prefabs/Units/PF_U20.prefab","67ae6071e3347f84a9276cfcdbdb6f1b","Assets/_Game/Art/Prefabs/Units/U20.obj"
"Assets/_Game/Art/Prefabs/Units/PF_U20.prefab","1d59cd44ecfa9df4fadbd3f0f8a5ff35","Assets/_Game/Art/Materials/Mat_U20.mat"
"Assets/_Game/Art/Prefabs/Units/PF_U22.prefab","480d291e10bb297448a38267e7c351ef","Assets/_Game/Art/Prefabs/Units/U22.obj"
"Assets/_Game/Art/Prefabs/Units/PF_U22.prefab","c8e79dc34b988ee4e81125ff5822bc2a","Assets/_Game/Art/Materials/Mat_U22.mat"
"Assets/_Game/Art/Prefabs/Units/PF_U23.prefab","b75c2872c5e06234dafa2a8bcacb768b","Assets/_Game/Art/Materials/Mat_U23.mat"
"Assets/_Game/Art/Prefabs/Units/PF_U23.prefab","c311545f5de42304d8e7ec2d47e717e5","Assets/_Game/Art/Prefabs/Units/U23.obj"
"Assets/_Game/Art/Prefabs/Units/PF_U24.prefab","b42cfda76b577b945a64ff70ab963ba5","Assets/_Game/Art/Materials/Mat_U24.mat"
"Assets/_Game/Art/Prefabs/Units/PF_U24.prefab","990d2cc118354784ba1f84065fc8c05e","Assets/_Game/Art/Prefabs/Units/U24.obj"
"Assets/_Game/Art/Prefabs/Units/U01.prefab","25cebf529e493fb4ebbedd04c000cf1f","Assets/_Game/Art/Prefabs/Units/U01.obj"
"Assets/_Game/Art/Prefabs/Units/U02.prefab","1d3a741350556a14b8ce58a47ac0b753","Assets/_Game/Art/Prefabs/Units/U02.obj"
"Assets/_Game/Art/Prefabs/Units/U03.prefab","d0d429f503dd95540b94ee654f23d0ba","Assets/_Game/Art/Prefabs/Units/U03.obj"
"Assets/_Game/Art/Prefabs/Units/U04.prefab","3e92520aca3060344af46124400d6742","Assets/_Game/Art/Prefabs/Units/U04.obj"
"Assets/_Game/Art/Prefabs/Units/U05.prefab","0072f10d593240f4b9e5a95df5d67782","Assets/_Game/Art/Prefabs/Units/U05.obj"
"Assets/_Game/Art/Prefabs/Units/U06.prefab","dc6cc7d1acb09834897d392cd8f30230","Assets/_Game/Art/Prefabs/Units/U06.obj"
"Assets/_Game/Art/Prefabs/Units/U07.prefab","d9160e0a4fe112e4e9e53ef1f370cf2a","Assets/_Game/Art/Prefabs/Units/U07.obj"
"Assets/_Game/Art/Prefabs/Units/U08.prefab","828186805e580b842964ac00688ea37f","Assets/_Game/Art/Prefabs/Units/U08.obj"
"Assets/_Game/Art/Prefabs/Units/U09.prefab","507f12b34b19dde4eacb407c78f6dd8d","Assets/_Game/Art/Prefabs/Units/U09.obj"
"Assets/_Game/Art/Prefabs/Units/U10.prefab","dda3df23b66c01a478435d3fece3ea3d","Assets/_Game/Art/Prefabs/Units/U10.obj"
"Assets/_Game/Art/Prefabs/Units/U11.prefab","9cd8177803f5cab48a4669c245321253","Assets/_Game/Art/Prefabs/Units/U11.obj"
"Assets/_Game/Art/Prefabs/Units/U12.prefab","3cad9287ba6887b43a6b3a001410a9b5","Assets/_Game/Art/Prefabs/Units/U12.obj"
"Assets/_Game/Scripts/UI/BattlePanel.prefab","fe87c0e1cc204ed48ad3b37840f39efc","<package-or-built-in>"
"Assets/_Game/Scripts/UI/BattlePanel.prefab","0000000000000000f000000000000000","<package-or-built-in>"
"Assets/_Game/Scripts/UI/BattlePanel.prefab","642b2c2954fd5574fa229fca7cac5ac4","Assets/_Game/Scripts/UI/BattlePanel.cs"
"Assets/_Game/Scripts/UI/BattlePanel.prefab","290e077e0729742428a81a8ebc2598ab","Assets/_Game/Scripts/UI/Menu.prefab"
"Assets/_Game/Scripts/UI/BattlePanel.prefab","f4688fdb7df04437aeb418b961361dc5","<package-or-built-in>"
"Assets/_Game/Scripts/UI/BattlePanel.prefab","18b6fa968446e1d4a9241d201d4366f1","Assets/_Game/Art/Fonts/Default SDF.asset"
"Assets/_Game/Scripts/UI/BattlePanel.prefab","4e29b1a8efbd4b44bb3f3716e73f07ff","<package-or-built-in>"
"Assets/_Game/Scripts/UI/LevelSelectPanel.prefab","f4688fdb7df04437aeb418b961361dc5","<package-or-built-in>"
"Assets/_Game/Scripts/UI/LevelSelectPanel.prefab","18b6fa968446e1d4a9241d201d4366f1","Assets/_Game/Art/Fonts/Default SDF.asset"
"Assets/_Game/Scripts/UI/LevelSelectPanel.prefab","fe87c0e1cc204ed48ad3b37840f39efc","<package-or-built-in>"
"Assets/_Game/Scripts/UI/LevelSelectPanel.prefab","0000000000000000f000000000000000","<package-or-built-in>"
"Assets/_Game/Scripts/UI/LevelSelectPanel.prefab","4e29b1a8efbd4b44bb3f3716e73f07ff","<package-or-built-in>"
"Assets/_Game/Scripts/UI/LevelSelectPanel.prefab","81c4b70ccd8a8b94bbc0f6eff40736f7","Assets/_Game/Scripts/UI/LevelSelectPanel.cs"
"Assets/_Game/Scripts/UI/Menu.prefab","fe87c0e1cc204ed48ad3b37840f39efc","<package-or-built-in>"
"Assets/_Game/Scripts/UI/Menu.prefab","0000000000000000f000000000000000","<package-or-built-in>"
"Assets/_Game/Scripts/UI/Menu.prefab","e52691e61cc9cfb4eb29e48a69f4f231","Assets/_Game/Scripts/UI/MenuPanel.cs"
"Assets/_Game/Scripts/UI/Menu.prefab","4e29b1a8efbd4b44bb3f3716e73f07ff","<package-or-built-in>"
"Assets/_Game/Scripts/UI/Menu.prefab","f4688fdb7df04437aeb418b961361dc5","<package-or-built-in>"
"Assets/_Game/Scripts/UI/Menu.prefab","18b6fa968446e1d4a9241d201d4366f1","Assets/_Game/Art/Fonts/Default SDF.asset"
"Assets/_YFanFramework/Prefabs/FloatingTextItem.prefab","f4688fdb7df04437aeb418b961361dc5","<package-or-built-in>"
"Assets/_YFanFramework/Prefabs/FloatingTextItem.prefab","306e268947e135648b69111007d22514","<package-or-built-in>"
"Assets/_YFanFramework/Prefabs/FloatingTextItem.prefab","0411f205fe34b6e4aa5bc9e62ecaec3c","Assets/_YFanFramework/Scripts/Systems/FloatingTextSystem/FloatingTextItem.cs"
