"RelativePath","Length","Sha256"
"EndlessModeConfig.json","960","5a396cadd0abada0eb19a747465631bfc6472789db2ac33354871b544c46df6f"
"EndlessModeConfig.json.meta","162","3616b4abd1b13cf931c967e235d23829bcfd465a9054e56bbe4231317952a318"
"LevelArchives.json","24461","4ecacf74094ff64fd0efbfcd223f1bfb4d25773b18c8b1a2efdd742080031520"
"LevelArchives.json.meta","155","b3fe538bc4927cfe6762a59dc6de5bedf8ba5df5747260f1e7816f09bed6dd04"
"Levels/L_ENDLESS.json","851","65d799724d0f08993940f90dad68ad1a5520799b32aa09b6e6c69474f4405981"
"Levels/L_ENDLESS.json.meta","162","d5767843410309ac87cc8abbf8c41c9967a0d9a629d719838ee09bba0dff8df6"
"Levels/L00.json","395","2e0c4f3da9c4cb761b914133fc3d59d0a5d8a7fe1719917d5b54ad7a0dd681a2"
"Levels/L00.json.meta","155","16683a7f07c980ed3ba5a79676606200a12bf5d8a53323f5678c5f7239cf6d9d"
"Levels/L01.json","445","92dfc23f7a3da223abcfd67015265f2e80eb7b68799a8ba2ea805e5514519ae5"
"Levels/L01.json.meta","155","906849da12ca120ec4e42493f82839ab6f2bf290335e1fcb0071239cfecdde6f"
"Levels/L02.json","548","8e21c91c3302ac54409e8fc0a44510456c3f250c47adcdacc06bec2b62231b90"
"Levels/L02.json.meta","155","f21632682991246ff338e140283b46ae597a6f16f3ea773c4d57517bc09fb8c7"
"Levels/L03.json","640","b0740ded5545745c73ddbd57717bb41b5d418d6dea2c70c4d77eb726f6391236"
"Levels/L03.json.meta","155","eee362d449a8d6531c6945991cf2381e486e83cdf0f9f4ec25ff6380d0d8934d"
"Levels/L04.json","741","b625f47a8705c8ecadcc55f56d186e604b628e0ea09183ed7647c3cb6dc9daeb"
"Levels/L04.json.meta","155","f6a8b0e79af47dae4b90d08cb996b88f97a352c48c73381668586a4a42fd98c8"
"Levels/L05.json","882","665e00eeabd3adadb7e02b9c1f6bb4b3cebbc93713230aa279b7196cdabbc6a2"
"Levels/L05.json.meta","155","e2a19f015cc24f610c5585c2a02e620277bffbe66f5d931cbc962db9d5e09514"
"Levels/L06.json","2861","8595c7a3fb3f8368d6974f20aaed337e67f5885f37e271ab257dc9f2149b2ce0"
"Levels/L06.json.meta","155","a423463c63826d26cc11e8c069706784aab61c28a9687035adb9be5e35c05d2b"
"Levels/L07.json","3452","3ee871217910147c336d467ee10b75ec8bdc1ef80cfc0ea00029a73ed9fdac08"
"Levels/L07.json.meta","155","7f1ce2355fa415d73e7d0ddcdfe3faeb65e9272ef45d11da66bfb2d3a901a3a4"
"Levels/L08.json","2226","573e26742d69664ac07702859966fa1cbabd32fcda8e51248f69be96d8db3c9c"
"Levels/L08.json.meta","155","4e3f0dacc09c9675e702576dc8955668e7ef8ec6b7523ead9a214e6c0cf628dc"
"Levels/L09.json","2262","17da7af96e15eeefc06af13a75e4e1f506cb1078ce0414bc377b3f2ba53ad268"
"Levels/L09.json.meta","155","c73f6e2a91ded994327c2fbeea52b6b596c40f242dc8d59bd59edbf470d8d5cd"
"Levels/L10.json","2461","030d6bdb71673ad52268ff469c63917ff247c8126cea0ccb58a2d2bb23d877fc"
"Levels/L10.json.meta","155","91685d1adc8f814da3de3c6a30b912cc6e21a74f23921976d06fd6a42ca09996"
"Levels/L11.json","2844","49f936863df6d2d35f296da62e57ba9dbdc2d9fa3d8c46cb61d7649a28e093d3"
"Levels/L11.json.meta","155","83c15329a169cf9198284addae89fe502560a0ea6df7727cf15144852d209373"
"Levels/L12.json","2459","471cd946431f021ba623054f220b15c85a29f672a2fd7c714f43c7af4617be21"
"Levels/L12.json.meta","155","efea68adad831889a079be20fe79438653ee6e6ede4f5de6ef5a27cecc13459d"
"Levels/L13.json","2493","2b6c90598554cf707616c82b522a6191147734bf623bef79254e92797cc3ff3b"
"Levels/L13.json.meta","155","56129fa5c1d812a296e445683eb8771184f14101aae4004aa316989b9e31cff5"
"Levels/L14.json","2493","2ea8b5407a9bb99215239bc611cbcf1e17945b2cd1f7ce0b6d7dcf094675371d"
"Levels/L14.json.meta","155","d7b80830efc08d63a2cd045a1dac2e4a849a9a792ee363f8087a7103d822bde7"
"Levels/L15.json","2140","bc4715fec84551a884b483c44689f09174b90ec68e9da7aab95df55c812f510d"
"Levels/L15.json.meta","155","07204bf6e9e3b97f2f19f8ded892290588d3f9fbf8495a8d5a84755a371cd8a8"
"Levels/L16.json","2690","105ce8df2024af1b7c7c0a68571235a2afb854fa281302f1142f9c1510bc73ac"
"Levels/L16.json.meta","155","70c01bd22e11f39a3788d487132e6475c145292a1aa4cba1eb4386099e5f4cbb"
"Levels/L17.json","2690","20efe7dfe29d268cd4384f72beebe441f7be0d21ecbdcaf8106a09818df903b3"
"Levels/L17.json.meta","155","b036c33cf95e461ca345539ba5ba579759d0ab3f78629ab7f14a796689caa478"
"Levels/L18.json","2884","87cf967171a89bfeb25a46d37e7fe177ac237d565ecd5c80e1aea09378885c1e"
"Levels/L18.json.meta","155","6f3f157479c0e55a5dc8404a361f10a17dffdeee0d9ccbdc80a92e4aa8309a53"
"Levels/L19.json","3146","afc1feadd250d9071a337c077aa04acd5c2aa80f23cb632aef6808fbd5c4ae3e"
"Levels/L19.json.meta","155","b9afef9f428fb22965bbfc0f61f144d520175236e815995ac841534560f210dc"
"Levels/L20.json","2951","be895358da54bff1c710f32f5ba6a0c92f32399657a3a3b261422a7ebfee7f9b"
"Levels/L20.json.meta","155","3dce91715d89396cd8619b9648d31d466f822f704bf2d7144bec433c926691f3"
"SpawnSchedules.json","1270","318e662451d2da73d6fc83d4cf41b12ea81b8c1858855ce257035097c81d6f08"
"SpawnSchedules.json.meta","155","a371ae57028a0c154d044cc9a2730efb3db89c5305b31661e048ae278b1cdebe"
